rank,full_name,url,owner,license,stars,forks,open_issues,closed_issues,open_prs,closed_prs,merged_prs,date_of_last_commit,number_of_releases,total_contributors,recent_contributors,avg_commits_per_month,activity_score,engagement_to_effort,fork_to_star,PR_Merge_Rate,Commit_Momentum,Open_Issues_per_Contributor,Releases_per_Star,pr_merge_velocity,contributor_growth_trend,opened_issues,issues_top_solver,issues_fastest_solved_label,issue_resolution_speed,repo_buggy_lvl
1,microsoft/ML-For-Beginners,https://github.com/microsoft/ML-For-Beginners,microsoft,MIT License,71978,15536,9,0,4,0,0,2025-02-14 08:01:49+00:00,0,129,4,2.0,0.20882098061573548,557.968992248062,0.21584373002861987,,8.0,2.25,0.0,16.429111111111112,-0.005122513446597798,3,,,,0.0
2,apache/superset,https://github.com/apache/superset,apache,Apache License 2.0,65876,14899,890,1,75,116,95,2025-04-23 17:29:35+00:00,224,424,150,151.0,0.5689885026488204,155.3679245283019,0.2261673447082397,45.023696682464454,22650.0,5.933333333333334,0.003400327888760702,49.63711111111111,0.0,1,,deploy:helm,0.6280555555555556,0.0
3,keras-team/keras,https://github.com/keras-team/keras,keras-team,Apache License 2.0,62914,19573,308,0,15,52,47,2025-04-23 20:28:01+00:00,76,407,89,65.5,0.3915553618767019,154.57985257985257,0.31110722573671995,47.474747474747474,5829.5,3.460674157303371,0.0012079982197920971,4.219555555555555,-0.001920942542474174,4,,,,0.0
4,scikit-learn/scikit-learn,https://github.com/scikit-learn/scikit-learn,scikit-learn,"BSD 3-Clause ""New"" or ""Revised"" License",61833,25770,2164,1,43,94,82,2025-04-23 13:22:58+00:00,45,410,134,90.5,0.4976411623351827,150.81219512195122,0.4167677453786813,46.590909090909086,12127.0,16.149253731343283,0.0007277667265052642,406.7558333333333,0.0,4,longyuxi,bug,0.4963888888888889,6.0
5,pandas-dev/pandas,https://github.com/pandas-dev/pandas,pandas-dev,"BSD 3-Clause ""New"" or ""Revised"" License",45228,18441,3709,2,28,67,41,2025-04-23 21:47:17+00:00,109,413,148,82.83333333333333,0.4660144927241854,109.51089588377724,0.4077341469885911,37.96296296296296,12259.333333333332,25.06081081081081,0.002410011497302556,11.544888888888888,0.00012806283616494503,2,reteps,enhancement,13.297916666666667,6.0
6,jakevdp/PythonDataScienceHandbook,https://github.com/jakevdp/PythonDataScienceHandbook,jakevdp,MIT License,44353,18278,217,2,0,0,0,2023-05-05 23:20:45+00:00,0,15,0,0.0,0.12324043457723194,2956.866666666667,0.4121029017202895,,0.0,0.0,0.0,28.179055555555557,0.0,5,afzalasar7,,0.29583333333333334,0.0
7,apache/airflow,https://github.com/apache/airflow,apache,Apache License 2.0,39774,14916,1285,1,98,989,793,2025-04-24 06:05:53+00:00,95,414,110,585.5,0.7708591777045267,96.07246376811594,0.3750188565394479,44.50056116722783,64405.0,11.681818181818182,0.0023884949967315334,79.95477777777778,0.0,2,gtsiatsios,kind:bug,2.2491666666666665,0.0
8,streamlit/streamlit,https://github.com/streamlit/streamlit,streamlit,Apache License 2.0,38989,3406,1141,0,36,148,136,2025-04-24 00:03:54+00:00,97,249,38,126.66666666666669,0.2706314455078865,156.58232931726909,0.08735797276154812,47.88732394366197,4813.333333333334,30.026315789473685,0.002487881197260766,9.504888888888889,0.0,4,,,,0.0
9,GokuMohandas/Made-With-ML,https://github.com/GokuMohandas/Made-With-ML,GokuMohandas,MIT License,38444,6092,22,0,0,0,0,2023-12-07 19:37:37+00:00,0,1,0,0.0,0.10682152880046682,38444.0,0.1584642597024243,,0.0,0.0,0.0,0.011166666666666667,0.0,6,,,,0.0
10,gradio-app/gradio,https://github.com/gradio-app/gradio,gradio-app,Apache License 2.0,37628,2865,480,0,5,85,76,2025-04-23 18:49:40+00:00,3310,392,85,82.16666666666667,0.32745050715435586,95.98979591836735,0.07614010842989263,47.20496894409938,6984.166666666667,5.647058823529412,0.08796640799404698,53.07147222222222,0.000384188508494835,9,,,,27.0
11,ray-project/ray,https://github.com/ray-project/ray,ray-project,Apache License 2.0,36717,6242,4498,0,133,461,355,2025-04-24 04:57:37+00:00,103,410,122,346.0,0.5775859042368224,89.55365853658536,0.17000299588746356,43.504901960784316,42212.0,36.868852459016395,0.0028052400795271944,10.730333333333332,0.0,4,,,,12.0
12,explosion/spaCy,https://github.com/explosion/spaCy,explosion,MIT License,31452,4496,206,1,5,0,0,2025-04-11 18:56:52+00:00,127,390,4,2.6666666666666665,0.09648801101742954,80.64615384615385,0.14294798422993768,,10.666666666666666,51.5,0.004037899020730001,304.43477777777775,-0.0060189532997524135,6,igormorgado,,35.11055555555556,0.0
13,AMAI-GmbH/AI-Expert-Roadmap,https://github.com/AMAI-GmbH/AI-Expert-Roadmap,AMAI-GmbH,MIT License,29778,2520,22,2,0,0,0,2022-02-10 12:36:44+00:00,0,9,0,0.0,0.08274194892883938,3308.6666666666665,0.0846262341325811,,0.0,0.0,0.0,47.03383333333333,0.0,5,milad13949,,757.8977777777778,0.0
14,Lightning-AI/pytorch-lightning,https://github.com/Lightning-AI/pytorch-lightning,Lightning-AI,Apache License 2.0,29351,3482,982,0,11,26,24,2025-04-23 09:28:36+00:00,164,441,48,21.5,0.1924339803332834,66.55555555555556,0.118633095976287,48.0,1032.0,20.458333333333332,0.005587543865626384,3.9653055555555556,-0.007982583454281567,5,,,,9.0
15,microsoft/Data-Science-For-Beginners,https://github.com/microsoft/Data-Science-For-Beginners,microsoft,MIT License,29312,6111,56,0,0,0,0,2025-02-13 17:12:03+00:00,0,101,1,0.3333333333333333,0.08358393894143445,290.2178217821782,0.20848116812227074,,0.3333333333333333,56.0,0.0,26.497,0.0004695637326047982,3,,,,0.0
16,donnemartin/data-science-ipython-notebooks,https://github.com/donnemartin/data-science-ipython-notebooks,donnemartin,Other,28124,7968,39,0,0,0,0,2019-02-11 10:51:45+00:00,0,12,0,0.0,0.0781461001972825,2343.6666666666665,0.2833167401507609,,0.0,0.0,0.0,112.01336111111111,0.0,2,,,,0.0
17,eugeneyan/applied-ml,https://github.com/eugeneyan/applied-ml,eugeneyan,MIT License,27900,3744,2,2,0,0,0,2024-05-02 14:44:23+00:00,0,47,0,0.0,0.07752368779349246,593.6170212765958,0.13419354838709677,,0.0,0.0,0.0,0.03780555555555555,-0.002177068214804064,0,eugeneyan,,2091.3770833333333,0.0
18,CamDavidsonPilon/Probabilistic-Programming-and-Bayesian-Methods-for-Hackers,https://github.com/CamDavidsonPilon/Probabilistic-Programming-and-Bayesian-Methods-for-Hackers,CamDavidsonPilon,MIT License,27316,7922,205,0,0,0,0,2023-02-14 00:18:43+00:00,0,136,0,0.0,0.07590096974075412,200.85294117647058,0.2900131790891785,,0.0,0.0,0.0,27.62783333333333,0.0,4,,,,0.0
19,academic/awesome-datascience,https://github.com/academic/awesome-datascience,academic,MIT License,26192,6047,1,1,1,2,0,2025-03-06 23:36:58+00:00,11,233,9,6.5,0.0934459802157336,112.41201716738198,0.23087202199144777,0.0,58.5,0.1111111111111111,0.000419975565058033,2.7734722222222223,8.537522410996376e-05,0,hmert,,171.66416666666666,0.0
20,d2l-ai/d2l-en,https://github.com/d2l-ai/d2l-en,d2l-ai,Other,25643,4604,157,2,2,0,0,2024-03-16 22:46:02+00:00,15,297,0,0.0,0.07125232709994721,86.34006734006734,0.17954217525250557,,0.0,0.0,0.000584954958468198,2.151527777777778,0.0,4,AnirudhDagar,,820.9894444444444,0.0
21,datasciencemasters/go,https://github.com/datasciencemasters/go,datasciencemasters,The Unlicense,25379,6160,40,1,0,0,0,2023-04-18 03:23:28+00:00,0,38,0,0.0,0.07051876962405179,667.8684210526316,0.24272035935222033,,0.0,0.0,0.0,467.78133333333335,0.0,7,Robbbo-T,,450.00166666666667,0.0
22,eriklindernoren/ML-From-Scratch,https://github.com/eriklindernoren/ML-From-Scratch,eriklindernoren,MIT License,24441,4643,57,0,1,0,0,2019-10-18 21:42:16+00:00,0,6,0,0.0,0.06791241768318097,4073.5,0.1899676772636144,,0.0,0.0,0.0,238.57369444444447,0.0,5,,,,0.0
23,ashishpatel26/500-AI-Machine-learning-Deep-learning-Computer-vision-NLP-Projects-with-code,https://github.com/ashishpatel26/500-AI-Machine-learning-Deep-learning-Computer-vision-NLP-Projects-with-code,ashishpatel26,,23043,5579,53,1,0,0,0,2024-07-26 13:06:49+00:00,0,3,0,0.0,0.06402789741309846,7681.0,0.24211257214772383,,0.0,0.0,0.0,1144.344365079365,-0.0027320071715188255,7,wolfykulfi,,0.004722222222222222,0.0
24,fastai/fastbook,https://github.com/fastai/fastbook,fastai,Other,22960,8837,164,1,1,0,0,2024-07-07 23:01:05+00:00,2,125,0,0.0,0.0637972713884798,183.68,0.3848867595818815,,0.0,0.0,8.710801393728223e-05,16.404916666666665,-0.0029881328438487154,6,PanGan21,,0.8783333333333333,0.0
25,plotly/dash,https://github.com/plotly/dash,plotly,MIT License,22337,2136,545,2,2,23,23,2025-04-23 18:30:50+00:00,81,147,16,79.16666666666667,0.13236409288372952,151.95238095238096,0.09562609123875185,50.0,1266.6666666666667,34.0625,0.003626270313829073,1140.6254444444444,-0.0008537522410996323,2,T4rk1n,regression,59.12722222222222,6.0
26,matplotlib/matplotlib,https://github.com/matplotlib/matplotlib,matplotlib,,21095,7838,1653,2,26,80,70,2025-04-23 07:32:10+00:00,92,421,87,178.83333333333334,0.3236789591294498,50.10688836104513,0.3715572410523821,46.666666666666664,15558.5,19.0,0.004361223038634747,127.4758611111111,0.0,4,jklymak,status: duplicate,1.6493055555555556,0.0
27,recommenders-team/recommenders,https://github.com/recommenders-team/recommenders,recommenders-team,MIT License,20112,3189,172,0,4,2,2,2025-01-19 03:16:46+00:00,14,103,2,3.0,0.0616196267973487,195.2621359223301,0.15856205250596658,50.0,6.0,86.0,0.0006961018297533811,0.16305555555555556,-0.021002305131050968,1,,,,3.0
28,ml-tooling/best-of-ml-python,https://github.com/ml-tooling/best-of-ml-python,ml-tooling,Creative Commons Attribution Share Alike 4.0 International,19967,2760,30,0,0,4,4,2025-04-18 14:39:45+00:00,182,51,6,9.333333333333334,0.07232091147996343,391.5098039215686,0.1382280763259378,50.0,56.0,5.0,0.009115039815695898,8.240333333333334,0.012592845556219586,0,,,,0.0
29,sinaptik-ai/pandas-ai,https://github.com/sinaptik-ai/pandas-ai,sinaptik-ai,Other,19677,1871,27,2,4,7,5,2025-04-14 08:01:54+00:00,193,104,12,31.0,0.0926612731872509,189.20192307692307,0.09508563297250597,41.66666666666667,372.0,2.25,0.009808405752909487,17.305777777777777,-0.004439511653718091,2,qianjia-boop,,23.39125,0.0
30,ossu/data-science,https://github.com/ossu/data-science,ossu,Other,19644,3595,3,3,1,0,0,2024-11-21 04:39:55+00:00,0,20,1,0.5,0.05678859006487888,982.2,0.1830075341071065,,0.5,3.0,0.0,170.76855555555557,-0.010373089729360538,0,waciumawanjohi,,1069.2278703703705,0.0
31,PrefectHQ/prefect,https://github.com/PrefectHQ/prefect,PrefectHQ,Apache License 2.0,19053,1795,1023,0,22,171,156,2025-04-23 22:25:27+00:00,487,323,75,193.33333333333331,0.32164689828676485,58.98761609907121,0.09421088542486747,47.706422018348626,14499.999999999998,13.64,0.025560279221120034,4.749694444444445,0.0,4,,,,3.0
32,qax-os/excelize,https://github.com/qax-os/excelize,qax-os,"BSD 3-Clause ""New"" or ""Revised"" License",18973,1769,115,5,0,3,3,2025-04-21 23:59:52+00:00,23,245,19,6.333333333333333,0.09407527870495805,77.44081632653061,0.09323775892057133,50.0,120.33333333333333,6.052631578947368,0.0012122489854003056,5.659388888888889,0.0019209425424741742,0,xuri,duplicate,45.98916666666667,0.0
33,afshinea/stanford-cs-229-machine-learning,https://github.com/afshinea/stanford-cs-229-machine-learning,afshinea,MIT License,18124,4006,19,0,0,0,0,2020-05-20 04:57:09+00:00,0,2,0,0.0,0.05035983217094112,9062.0,0.22103288457294196,,0.0,0.0,0.0,61.007777777777775,0.0,10,,,,0.0
34,Avaiga/taipy,https://github.com/Avaiga/taipy,Avaiga,Apache License 2.0,18010,1882,148,0,5,32,28,2025-04-17 13:14:00+00:00,69,72,29,54.5,0.1374765811625802,250.13888888888889,0.10449750138811771,46.666666666666664,1580.5,5.103448275862069,0.0038312048861743474,52.716861111111115,-0.002177068214804064,5,,,,0.0
35,dair-ai/ML-YouTube-Courses,https://github.com/dair-ai/ML-YouTube-Courses,dair-ai,Creative Commons Zero v1.0 Universal,16506,1987,16,0,1,0,0,2024-01-22 15:52:28+00:00,0,16,0,0.0,0.04586401400427909,1031.625,0.12038046770871198,,0.0,0.0,0.0,136.63330555555555,0.0,6,,,,0.0
36,ipython/ipython,https://github.com/ipython/ipython,ipython,"BSD 3-Clause ""New"" or ""Revised"" License",16459,4452,1535,0,3,19,18,2025-04-22 09:11:34+00:00,29,417,28,96.33333333333331,0.14581704077498947,39.47002398081535,0.2704903092532961,48.64864864864865,2697.333333333333,54.82142857142857,0.0017619539461692691,1011.6316388888889,0.002689319559463844,3,,,,0.0
37,piskvorky/gensim,https://github.com/piskvorky/gensim,piskvorky,GNU Lesser General Public License v2.1,15981,4391,426,1,1,1,0,2025-02-14 14:36:27+00:00,43,397,1,0.3333333333333333,0.04654206503551874,40.2544080604534,0.27476378199111445,0.0,0.3333333333333333,426.0,0.002690695200550654,595.5388055555557,-0.003841885084948348,7,gojomo,,20.98111111111111,0.0
38,bharathgs/Awesome-pytorch-list,https://github.com/bharathgs/Awesome-pytorch-list,bharathgs,,15805,2824,6,1,0,0,0,2023-01-25 01:52:29+00:00,0,72,0,0.0,0.043916196615632556,219.51388888888889,0.1786776336602341,,0.0,0.0,0.0,14.295944444444444,0.0,0,bharathgs,,15.4675,0.0
39,FavioVazquez/ds-cheatsheets,https://github.com/FavioVazquez/ds-cheatsheets,FavioVazquez,MIT License,15206,3913,13,0,0,0,0,2019-10-31 06:41:14+00:00,0,10,0,0.0,0.04225179916085471,1520.6,0.25733263185584637,,0.0,0.0,0.0,153.31108333333333,0.0,5,,,,0.0
40,stefan-jansen/machine-learning-for-trading,https://github.com/stefan-jansen/machine-learning-for-trading,stefan-jansen,,14707,4560,5,6,0,0,0,2023-03-05 17:14:58+00:00,1,14,0,0.0,0.04086526438634027,1050.5,0.310056435710886,,0.0,0.0,6.799483239273815e-05,264.4782222222222,0.0,2,stefan-jansen,,310.3178240740741,0.0
41,iterative/dvc,https://github.com/iterative/dvc,iterative,Apache License 2.0,14398,1209,265,2,1,7,6,2025-04-24 00:34:28+00:00,551,280,10,7.5,0.06459858687083747,51.42142857142857,0.08396999583275455,46.15384615384615,75.0,26.5,0.0382692040561189,29.213527777777777,-0.00926321181593102,3,skshetry,,26.958472222222223,0.0
42,microsoft/nni,https://github.com/microsoft/nni,microsoft,MIT License,14172,1819,417,0,0,0,0,2023-10-26 05:31:53+00:00,40,175,0,0.0,0.03937869904693101,80.98285714285714,0.12835167936776742,,0.0,0.0,0.002822466836014677,18.267722222222222,0.0,9,,,,0.0
43,virgili0/Virgilio,https://github.com/virgili0/Virgilio,virgili0,Other,14063,2484,26,0,0,0,0,2022-05-06 11:20:20+00:00,0,32,0,0.0,0.03907582872544389,439.46875,0.17663371968996658,,0.0,0.0,0.0,4.669472222222222,0.0,7,,,,0.0
44,oxnr/awesome-bigdata,https://github.com/oxnr/awesome-bigdata,oxnr,MIT License,13573,2569,37,1,0,0,0,2025-02-14 02:58:01+00:00,0,154,3,1.0,0.044124791900020895,88.13636363636364,0.18927282104177412,,3.0,12.333333333333334,0.0,5.157194444444444,0.00029881328438487143,1,cijagani,,370.86583333333334,0.0
45,visenger/awesome-mlops,https://github.com/visenger/awesome-mlops,visenger,,13058,1940,11,0,1,0,0,2024-11-21 14:45:11+00:00,0,62,1,0.5,0.03848855394273045,210.61290322580646,0.1485679277071527,,0.5,11.0,0.0,26.218888888888888,0.00029881328438487143,3,,,,0.0
46,mwaskom/seaborn,https://github.com/mwaskom/seaborn,mwaskom,"BSD 3-Clause ""New"" or ""Revised"" License",13054,1983,175,5,1,0,0,2025-01-26 16:55:13+00:00,37,188,3,0.8333333333333334,0.042614269538142485,69.43617021276596,0.1519074613145396,,2.5,58.333333333333336,0.0028343802665849547,49.793416666666666,-0.0006830017928797064,3,mwaskom,,3.7925,0.0
47,dagster-io/dagster,https://github.com/dagster-io/dagster,dagster-io,Apache License 2.0,13004,1657,2863,0,116,643,581,2025-04-24 00:39:37+00:00,357,409,51,460.1666666666667,0.47355937598014386,31.794621026894866,0.1274223315902799,47.467320261437905,23468.5,56.13725490196079,0.027453091356505692,6.24,0.0,1,,,,0.0
48,ydataai/ydata-profiling,https://github.com/ydataai/ydata-profiling,ydataai,MIT License,12867,1708,274,0,4,3,2,2025-03-26 00:32:10+00:00,73,113,11,13.0,0.06359337869094167,113.86725663716814,0.1327426750602316,40.0,143.0,24.90909090909091,0.005673428149529805,680.8416944444444,-0.007427644497566806,5,,,,0.0
49,marimo-team/marimo,https://github.com/marimo-team/marimo,marimo-team,Apache License 2.0,12723,503,306,1,12,242,227,2025-04-24 02:38:33+00:00,285,121,67,201.33333333333331,0.30924879656948656,105.14876033057851,0.039534700935314,48.40085287846482,13489.333333333332,4.567164179104478,0.02240037726951191,8.242055555555556,0.0,3,dmadisetti,bug,0.9363888888888889,9.0
50,rasbt/python-machine-learning-book,https://github.com/rasbt/python-machine-learning-book,rasbt,MIT License,12397,4417,13,3,0,0,0,2024-11-20 23:58:23+00:00,3,17,1,0.1666666666666666,0.0365150515235667,729.2352941176471,0.35629587803500845,,0.1666666666666666,13.0,0.0002419940308139066,31.057888888888886,0.00029881328438487143,3,rasbt,,2.1075925925925927,0.0
51,allenai/allennlp,https://github.com/allenai/allennlp,allenai,Apache License 2.0,11842,2248,91,8,0,0,0,2022-11-22 00:42:46+00:00,59,246,0,0.0,0.032904498596793466,48.13821138211382,0.18983279851376456,,0.0,0.0,0.004982266509035636,31.62372222222222,0.0,0,github-actions[bot],bug,416.7784722222222,6.0
52,akfamily/akshare,https://github.com/akfamily/akshare,akfamily,MIT License,11457,2185,5,1,0,54,46,2025-04-23 15:11:32+00:00,5,3,3,15.666666666666666,0.055867255341897945,3819.0,0.19071310116086235,46.0,47.0,1.6666666666666667,0.00043641441913240813,7.927333333333333,-0.008196021514556477,9,limitoec,,1.2577777777777779,24.0
53,ludwig-ai/ludwig,https://github.com/ludwig-ai/ludwig,ludwig-ai,Apache License 2.0,11431,1205,50,0,0,0,0,2024-10-17 22:52:09+00:00,51,148,0,0.0,0.03176248298091084,77.23648648648648,0.10541509929140058,,0.0,0.0,0.004461551920216954,16.287305555555555,-0.010245026893195593,6,,,,0.0
54,OpenRefine/OpenRefine,https://github.com/OpenRefine/OpenRefine,OpenRefine,"BSD 3-Clause ""New"" or ""Revised"" License",11283,2048,662,0,13,23,23,2025-04-23 12:47:54+00:00,70,348,38,60.66666666666666,0.13805508151185872,32.422413793103445,0.1815120092174067,50.0,2305.333333333333,17.42105263157895,0.0062040237525480815,1261.209472222222,0.0,5,,,,0.0
55,trinodb/trino,https://github.com/trinodb/trino,trinodb,Apache License 2.0,11190,3177,2345,0,35,114,96,2025-02-21 10:49:54+00:00,0,333,70,312.8333333333333,0.323719738952815,33.6036036036036,0.2839142091152815,45.714285714285715,21898.333333333332,33.5,0.0,8.888055555555555,0.0,3,,,,0.0
56,dair-ai/ML-Papers-of-the-Week,https://github.com/dair-ai/ML-Papers-of-the-Week,dair-ai,,11138,680,2,0,0,1,1,2025-04-11 17:22:12+00:00,0,9,2,5.0,0.03725300367666154,1237.5555555555557,0.06105225354641767,50.0,10.0,1.0,0.0,2.7581388888888885,-0.013916161529924016,1,,,,0.0
57,tangyudi/Ai-Learn,https://github.com/tangyudi/Ai-Learn,tangyudi,,10922,2435,20,0,0,0,0,2024-06-02 04:46:40+00:00,0,1,0,0.0,0.030348161938370057,10922.0,0.22294451565647316,,0.0,0.0,0.0,,-0.0017501920942542479,0,,,,0.0
58,statsmodels/statsmodels,https://github.com/statsmodels/statsmodels,statsmodels,"BSD 3-Clause ""New"" or ""Revised"" License",10603,3256,2905,1,4,8,8,2025-04-02 08:10:43+00:00,29,385,9,22.166666666666668,0.058578636289402006,27.54025974025974,0.3070829010657361,50.0,199.5,322.77777777777777,0.002735074978779591,1901.7284166666666,-0.010245026893195596,2,Gaubiche,,23.192222222222224,0.0
59,cleanlab/cleanlab,https://github.com/cleanlab/cleanlab,cleanlab,GNU Affero General Public License v3.0,10492,825,100,1,2,1,0,2025-04-10 06:03:37+00:00,19,54,6,4.833333333333333,0.04313738890126474,194.2962962962963,0.07863133816240946,0.0,29.0,16.666666666666668,0.0018109035455585209,283.36941666666667,-0.014129599590198926,2,kelsey-wong,needs triage,313.9216666666667,0.0
60,fastai/numerical-linear-algebra,https://github.com/fastai/numerical-linear-algebra,fastai,,10472,2648,18,2,0,0,0,2017-07-28 16:23:19+00:00,0,5,0,0.0,0.029097779877184697,2094.4,0.25286478227654696,,0.0,0.0,0.0,479.05347222222224,0.0,1,new-guy-gif,,0.005138888888888889,0.0
61,aws/amazon-sagemaker-examples,https://github.com/aws/amazon-sagemaker-examples,aws,Apache License 2.0,10454,6871,837,0,3,1,0,2025-03-20 17:44:56+00:00,1,393,14,4.0,0.05868972582620821,26.60050890585242,0.6572603788023723,0.0,56.0,59.785714285714285,9.565716472163765e-05,56.046749999999996,-0.011397592418680103,3,,,,0.0
62,great-expectations/great_expectations,https://github.com/great-expectations/great_expectations,great-expectations,Apache License 2.0,10338,1571,82,0,15,57,52,2025-04-24 01:44:43+00:00,295,396,28,63.0,0.12370108737965943,26.106060606060606,0.15196362932869026,47.706422018348626,1764.0,2.9285714285714284,0.028535500096730507,30.936999999999998,-0.000725689404934688,0,,,,0.0
63,kedro-org/kedro,https://github.com/kedro-org/kedro,kedro-org,Apache License 2.0,10283,939,204,3,7,31,22,2025-04-14 15:52:40+00:00,57,231,23,19.666666666666668,0.08819414527706378,44.515151515151516,0.09131576388213557,41.509433962264154,452.33333333333337,8.869565217391305,0.005543129436934747,190.14886111111113,-0.003244258516178603,4,ankatiyar,develop nightly build,77.45333333333333,0.0
64,lexfridman/mit-deep-learning,https://github.com/lexfridman/mit-deep-learning,lexfridman,MIT License,10274,2215,16,2,0,0,0,2019-02-17 17:44:49+00:00,0,4,0,0.0,0.02854761177026314,2568.5,0.2155927584193109,,0.0,0.0,0.0,6924.847833333333,0.0,3,SpaceWizz1,,260.53791666666666,0.0
65,modin-project/modin,https://github.com/modin-project/modin,modin-project,Apache License 2.0,10120,660,701,1,6,16,14,2025-04-18 19:13:26+00:00,91,133,7,6.0,0.04811354042403789,76.09022556390977,0.06521739130434782,46.666666666666664,42.0,100.14285714285714,0.00899209486166008,17.835222222222225,-0.0008964398531546155,3,sfc-gh-jkew,new feature/request ðŸ’¬,24.51388888888889,0.0
66,Yorko/mlcourse.ai,https://github.com/Yorko/mlcourse.ai,Yorko,Other,9999,5691,9,1,4,0,0,2025-01-06 16:33:11+00:00,1,8,2,0.6666666666666666,0.032057149604783904,1249.875,0.5691569156915691,,1.3333333333333333,4.5,0.00010001000100010001,2.4900277777777777,-0.0034150089643985317,2,Yorko,invalid,580.6658333333334,1.5
67,EpistasisLab/tpot,https://github.com/EpistasisLab/tpot,EpistasisLab,GNU Lesser General Public License v3.0,9885,1580,313,0,6,0,0,2025-02-26 17:12:17+00:00,31,8,5,8.5,0.04095589356091417,1235.625,0.15983813859382903,,42.5,62.6,0.0031360647445624686,12.265722222222221,-0.012165969435669768,4,,,,0.0
68,wandb/wandb,https://github.com/wandb/wandb,wandb,MIT License,9777,732,767,0,26,81,67,2025-04-23 18:37:58+00:00,162,192,38,115.83333333333331,0.167612951152818,50.921875,0.07486959189935563,45.27027027027027,4401.666666666666,20.18421052631579,0.016569499846578704,97.10375,0.0,1,,,,0.0
69,OpenMined/PySyft,https://github.com/OpenMined/PySyft,OpenMined,Apache License 2.0,9664,1994,49,0,0,0,0,2025-04-13 12:43:52+00:00,178,306,15,214.16666666666663,0.14476599035566198,31.58169934640523,0.20633278145695363,,3212.4999999999995,3.2666666666666666,0.01841887417218543,8.277194444444445,-0.008921710919491165,0,,,,0.0
70,microsoft/computervision-recipes,https://github.com/microsoft/computervision-recipes,microsoft,MIT License,9662,1190,68,1,0,0,0,2022-10-31 17:12:47+00:00,3,40,0,0.0,0.026847092167051046,241.55,0.12316290623059407,,0.0,0.0,0.000310494721589733,40.54244444444444,0.0,3,yalaudah,bug,5955.855,9.0
71,tflearn/tflearn,https://github.com/tflearn/tflearn,tflearn,Other,9621,2407,579,1,0,0,0,2020-11-30 04:34:51+00:00,8,120,0,0.0,0.026733168468143043,80.175,0.250181893774036,,0.0,0.0,0.0008315143955929737,4.999277777777778,0.0,4,muzakkirhussain011,,0.06944444444444445,0.0
72,voxel51/fiftyone,https://github.com/voxel51/fiftyone,voxel51,Apache License 2.0,9420,623,574,0,31,83,76,2025-04-23 21:11:16+00:00,100,123,32,277.8333333333333,0.22339027254510474,76.58536585365853,0.06613588110403397,47.79874213836478,8890.666666666666,17.9375,0.010615711252653927,33.38438888888889,0.0,1,,,,3.0
73,chiphuyen/machine-learning-systems-design,https://github.com/chiphuyen/machine-learning-systems-design,chiphuyen,,9385,1461,10,1,0,0,0,2022-06-22 21:53:50+00:00,0,2,0,0.0,0.026077412542721386,4692.5,0.15567394778902505,,0.0,0.0,0.0,8996.658819444445,0.0,5,chiphuyen,,933.3036111111111,0.0
74,pycaret/pycaret,https://github.com/pycaret/pycaret,pycaret,MIT License,9286,1805,416,2,1,0,0,2025-03-06 20:05:48+00:00,29,121,3,2.333333333333333,0.032760139207618645,76.74380165289256,0.19437863450355375,,6.999999999999999,138.66666666666666,0.003122980831359035,54.54708333333333,-0.008452147186886368,4,beingmechon,bug,99.63430555555556,12.0
75,alexeygrigorev/data-science-interviews,https://github.com/alexeygrigorev/data-science-interviews,alexeygrigorev,Creative Commons Attribution 4.0 International,9274,2034,9,1,1,0,0,2024-09-05 11:26:46+00:00,0,82,0,0.0,0.025768984967629,113.09756097560975,0.2193228380418374,,0.0,0.0,0.0,1.2475833333333335,-0.004396824041663108,1,alexeygrigorev,,69.48555555555555,0.0
76,goplus/gop,https://github.com/goplus/gop,goplus,Apache License 2.0,9158,552,41,0,1,100,94,2025-04-23 15:46:43+00:00,108,37,4,106.66666666666669,0.10093973719863081,247.51351351351352,0.06027516925092815,48.45360824742268,426.66666666666674,10.25,0.011792967896920725,0.008638888888888889,0.0,1,,,,0.0
77,yzhao062/pyod,https://github.com/yzhao062/pyod,yzhao062,"BSD 2-Clause ""Simplified"" License",9144,1412,233,3,0,0,0,2025-03-24 19:26:46+00:00,42,52,4,3.0,0.034639234406889756,175.84615384615384,0.15441819772528434,,12.0,58.25,0.004593175853018373,57.7455,-0.01771535900281738,5,shug3502,,14.333333333333334,0.0
78,jpmorganchase/python-training,https://github.com/jpmorganchase/python-training,jpmorganchase,Apache License 2.0,9062,1535,0,2,0,0,0,2023-11-27 20:52:23+00:00,0,7,0,0.0,0.02517991608547056,1294.5714285714287,0.16938865592584418,,0.0,0.0,0.0,84.03733333333334,0.0,0,timkpaine,bug,75.84805555555556,3.0
79,joelgrus/data-science-from-scratch,https://github.com/joelgrus/data-science-from-scratch,joelgrus,MIT License,8970,4588,81,1,0,0,0,2020-09-06 14:40:10+00:00,0,6,0,0.0,0.02492428241962822,1495.0,0.5114827201783724,,0.0,0.0,0.0,45.052027777777774,0.0,7,joelgrus,,3.5833333333333335,0.0
80,rapidsai/cudf,https://github.com/rapidsai/cudf,rapidsai,Apache License 2.0,8876,942,1096,0,45,120,112,2025-04-24 04:15:26+00:00,61,253,61,161.83333333333334,0.24134126899683395,35.08300395256917,0.10612888688598468,48.275862068965516,9871.833333333334,17.9672131147541,0.006872465074357819,131.18880555555555,0.0,5,,,,3.0
81,ricklamers/gridstudio,https://github.com/ricklamers/gridstudio,ricklamers,GNU Affero General Public License v3.0,8872,1507,43,0,0,0,0,2023-05-15 17:18:45+00:00,0,11,0,0.0,0.024651976992970077,806.5454545454545,0.16986023444544635,,0.0,0.0,0.0,803.6125,0.0,5,,,,0.0
82,drivendataorg/cookiecutter-data-science,https://github.com/drivendataorg/cookiecutter-data-science,drivendataorg,MIT License,8819,2515,23,1,0,1,1,2025-03-30 10:53:27+00:00,5,50,8,3.5,0.04219363265955138,176.38,0.2851797255924708,50.0,28.0,2.875,0.0005669577049552103,90.46944444444445,0.0034576965764535126,2,jayqi,bug,106.89861111111111,3.0
83,xonsh/xonsh,https://github.com/xonsh/xonsh,xonsh,Other,8743,663,288,1,5,3,3,2025-04-14 06:09:42+00:00,116,307,19,11.666666666666666,0.06783920815597204,28.478827361563518,0.07583209424682603,50.0,221.66666666666666,15.157894736842104,0.013267757062793092,28.81325,-0.010415777341415522,4,tplunkett-trimac,windows,284.5416666666667,0.0
84,Netflix/metaflow,https://github.com/Netflix/metaflow,Netflix,Apache License 2.0,8743,824,335,0,1,24,23,2025-04-22 00:40:30+00:00,188,102,20,30.666666666666668,0.0826826601971361,85.7156862745098,0.09424682603225437,48.93617021276596,613.3333333333334,16.75,0.021502916619009493,62.85897222222222,0.001323315973704431,0,,,,0.0
85,autogluon/autogluon,https://github.com/autogluon/autogluon,autogluon,Apache License 2.0,8732,1001,409,0,10,40,35,2025-04-23 19:56:22+00:00,34,125,23,33.833333333333336,0.09297846299222792,69.856,0.1146358222629409,46.666666666666664,778.1666666666667,17.782608695652176,0.0038937242327072834,154.32791666666665,-0.0001280628361649452,2,,,,0.0
86,blue-yonder/tsfresh,https://github.com/blue-yonder/tsfresh,blue-yonder,MIT License,8717,1236,69,2,0,0,0,2025-02-16 16:07:41+00:00,16,90,3,1.6666666666666667,0.030905440351674668,96.85555555555555,0.14179190088333143,,5.0,23.0,0.001835493862567397,8.423361111111111,0.0007256894049346873,1,maresin,bug,586.4984722222222,9.25
87,jwasham/computer-science-flash-cards,https://github.com/jwasham/computer-science-flash-cards,jwasham,Creative Commons Attribution Share Alike 4.0 International,8641,2056,9,0,0,0,0,2024-09-04 01:55:06+00:00,0,22,0,0.0,0.02401011420156159,392.77272727272725,0.23793542414072447,,0.0,0.0,0.0,3.701111111111111,-0.004652949713992998,0,,,,0.0
88,HugoBlox/hugo-blox-builder,https://github.com/HugoBlox/hugo-blox-builder,HugoBlox,MIT License,8593,2930,17,1,1,0,0,2025-03-01 20:11:44+00:00,45,186,5,2.5,0.03490296588470448,46.19892473118279,0.34097521238217154,,12.5,3.4,0.005236820667985569,224.69522222222224,-0.011525655254845042,4,github-actions[bot],stale,868.5263888888888,3.0
89,lazyprogrammer/machine_learning_examples,https://github.com/lazyprogrammer/machine_learning_examples,lazyprogrammer,,8577,6387,34,4,0,0,0,2025-02-19 07:23:27+00:00,0,4,1,0.6666666666666666,0.02610594229143816,2144.25,0.7446659671213711,,0.6666666666666666,34.0,0.0,5829.116694444445,-0.005250576282762741,1,lazyprogrammer,,5833.268541666666,0.0
90,activeloopai/deeplake,https://github.com/activeloopai/deeplake,activeloopai,Apache License 2.0,8552,658,60,1,0,2,2,2025-04-23 08:05:29+00:00,239,107,1,3.1666666666666665,0.02756711601020935,79.92523364485982,0.07694106641721235,50.0,3.1666666666666665,60.0,0.0279466791393826,8.425,-0.014343037650473834,3,khustup2,bug,11.441666666666666,6.0
91,unit8co/darts,https://github.com/unit8co/darts,unit8co,Apache License 2.0,8535,924,247,2,6,15,14,2025-04-20 08:45:39+00:00,48,127,13,14.833333333333334,0.059335414661361066,67.20472440944881,0.10826010544815466,48.275862068965516,192.83333333333334,19.0,0.00562390158172232,60.131611111111106,0.0027320071715188255,2,dennisbader,question,30.016944444444444,6.0
92,vaexio/vaex,https://github.com/vaexio/vaex,vaexio,MIT License,8374,599,546,0,0,0,0,2024-10-08 16:23:01+00:00,4,64,0,0.0,0.023268220845258276,130.84375,0.07153092906615716,,0.0,0.0,0.0004776689754000478,589.4390555555556,-0.001920942542474174,7,,,,0.0
93,catboost/catboost,https://github.com/catboost/catboost,catboost,Apache License 2.0,8365,1215,613,7,0,0,0,2025-04-23 21:36:37+00:00,90,193,34,110.83333333333331,0.1367392223260414,43.3419689119171,0.1452480573819486,,3768.3333333333326,18.029411764705884,0.010759115361625823,20.377083333333335,0.0,3,robot-piglet,python,3.6165079365079364,0.0
94,fengdu78/Data-Science-Notes,https://github.com/fengdu78/Data-Science-Notes,fengdu78,,8358,3141,14,2,0,0,0,2021-02-16 16:57:40+00:00,0,1,0,0.0,0.023223762816416128,8358.0,0.3758076094759512,,0.0,0.0,0.0,18912.650555555556,0.0,6,chunyu-just,,110.75847222222222,0.0
95,sktime/sktime,https://github.com/sktime/sktime,sktime,"BSD 3-Clause ""New"" or ""Revised"" License",8355,1528,1444,0,32,86,69,2025-04-23 08:15:47+00:00,87,431,76,63.16666666666666,0.21854700124427281,19.385150812064964,0.182884500299222,44.516129032258064,4800.666666666666,19.0,0.010412926391382405,174.95713888888886,0.0002988132843848716,8,,,,9.0
96,mage-ai/mage-ai,https://github.com/mage-ai/mage-ai,mage-ai,Apache License 2.0,8264,838,521,0,3,16,16,2025-04-23 20:57:20+00:00,57,139,18,19.666666666666668,0.0710708569050423,59.45323741007194,0.10140367860600194,50.0,354.0,28.944444444444443,0.006897386253630203,2.205111111111111,0.0,3,,,,9.0
97,jackzhenguo/python-small-examples,https://github.com/jackzhenguo/python-small-examples,jackzhenguo,,8038,1812,2,3,0,0,0,2024-06-26 16:37:35+00:00,0,3,0,0.0,0.022334602239573204,2679.3333333333335,0.22542921124657875,,0.0,0.0,0.0,7.754555555555556,-0.0014940664219243577,1,jackzhenguo,,127.61509259259259,0.0
98,skypilot-org/skypilot,https://github.com/skypilot-org/skypilot,skypilot-org,Apache License 2.0,7710,616,490,0,33,158,143,2025-04-24 01:38:53+00:00,18,122,43,94.83333333333331,0.18241695061492416,63.19672131147541,0.07989623865110246,47.50830564784053,4077.8333333333326,11.395348837209303,0.0023346303501945525,46.83036111111111,0.0,3,,,,0.0
99,mrdbourke/machine-learning-roadmap,https://github.com/mrdbourke/machine-learning-roadmap,mrdbourke,MIT License,7655,1171,12,2,0,0,0,2022-12-08 22:38:52+00:00,0,1,0,0.0,0.021270388174164327,7655.0,0.15297191378184194,,0.0,0.0,0.0,34.26583333333333,0.0,7,kRiShNa-429407,,1021.4418055555556,0.0
100,krishnaik06/The-Grand-Complete-Data-Science-Materials,https://github.com/krishnaik06/The-Grand-Complete-Data-Science-Materials,krishnaik06,GNU General Public License v2.0,7545,3921,70,0,1,1,0,2024-08-04 07:14:11+00:00,0,39,0,0.0,0.020964739225874572,193.46153846153845,0.5196819085487078,0.0,0.0,0.0,0.0,11.380805555555556,-0.001067190301374541,0,,,,0.0
101,py-why/dowhy,https://github.com/py-why/dowhy,py-why,MIT License,7430,958,137,1,0,3,3,2025-04-21 07:17:16+00:00,16,93,10,3.8333333333333335,0.042975363752482856,79.89247311827957,0.12893674293405114,50.0,38.333333333333336,13.7,0.0021534320323014803,30.280555555555555,-0.01220865704772475,5,VasundharaAcharya,question,2.9655555555555555,6.0
102,alteryx/featuretools,https://github.com/alteryx/featuretools,alteryx,"BSD 3-Clause ""New"" or ""Revised"" License",7429,896,153,0,0,0,0,2024-11-13 18:39:43+00:00,133,68,1,0.1666666666666666,0.022710833568080305,109.25,0.12060842643693633,,0.1666666666666666,153.0,0.017902813299232736,50.576499999999996,-0.014812601383078631,3,,,,0.0
103,firmai/industry-machine-learning,https://github.com/firmai/industry-machine-learning,firmai,,7337,1224,1,2,0,0,0,2024-10-04 12:55:17+00:00,0,6,0,0.0,0.020386784850926674,1222.8333333333333,0.16682567807005588,,0.0,0.0,0.0,160.506,-0.0002988132843848716,0,firmai,enhancement,153.72625,0.0
104,rasbt/python-machine-learning-book-2nd-edition,https://github.com/rasbt/python-machine-learning-book-2nd-edition,rasbt,MIT License,7165,2824,32,2,0,0,0,2019-12-31 17:13:18+00:00,0,2,0,0.0,0.0199088610408736,3582.5,0.3941381716678297,,0.0,0.0,0.0,3.1479722222222226,0.0,5,Gustavo-Ufersa,,938.3304166666667,0.0
105,h2oai/h2o-3,https://github.com/h2oai/h2o-3,h2oai,Apache License 2.0,7128,2014,2890,0,2,4,4,2025-04-11 00:08:24+00:00,0,176,9,13.833333333333334,0.04449332834634852,40.5,0.2825476992143659,50.0,124.5,321.1111111111111,0.0,5.992722222222222,-0.008537522410996331,6,,,,6.0
106,MrMimic/data-scientist-roadmap,https://github.com/MrMimic/data-scientist-roadmap,MrMimic,GNU General Public License v3.0,7125,1922,0,1,0,0,0,2025-02-11 08:26:31+00:00,0,11,3,0.6666666666666666,0.026071376174013387,647.7272727272727,0.2697543859649123,,2.0,0.0,0.0,524.0944166666667,0.000896439853154615,0,MrMimic,,91.90027777777777,0.0
107,python-visualization/folium,https://github.com/python-visualization/folium,python-visualization,Other,7101,2235,76,2,2,11,11,2025-04-22 15:51:39+00:00,35,160,10,13.166666666666666,0.04791009288451925,44.38125,0.31474440219687366,50.0,131.66666666666666,7.6,0.004928883255879453,300.8018888888889,0.005805515239477504,2,ocefpaf,,10.05625,0.0
108,pymupdf/PyMuPDF,https://github.com/pymupdf/PyMuPDF,pymupdf,GNU Affero General Public License v3.0,7004,595,41,3,1,13,12,2025-04-21 16:07:37+00:00,160,79,18,40.16666666666666,0.07497601120667632,88.65822784810126,0.08495145631067962,48.0,722.9999999999998,2.2777777777777777,0.022844089091947458,3.7712777777777777,0.00025612567232989,4,JorjMcKie,not a bug,5.589444444444444,3.0
109,scikit-learn-contrib/imbalanced-learn,https://github.com/scikit-learn-contrib/imbalanced-learn,scikit-learn-contrib,MIT License,6977,1302,57,0,2,2,1,2025-04-01 07:54:33+00:00,39,80,4,2.833333333333333,0.028801741883854145,87.2125,0.1866131575175577,33.33333333333333,11.333333333333332,14.25,0.005589795040848502,36.67602777777778,0.004951762998377871,3,,,,0.0
110,Visualize-ML/Book3_Elements-of-Mathematics,https://github.com/Visualize-ML/Book3_Elements-of-Mathematics,Visualize-ML,,6863,1220,12,5,0,0,0,2025-01-26 07:05:32+00:00,0,1,1,4.666666666666667,0.02298533718319417,6863.0,0.17776482587789597,,4.666666666666667,12.0,0.0,,-0.0008964398531546145,5,Visualize-ML,,355.0085555555556,0.0
111,jwilber/roughViz,https://github.com/jwilber/roughViz,jwilber,MIT License,6772,230,13,0,0,0,0,2023-11-23 18:49:29+00:00,0,12,0,0.0,0.018816860707438387,564.3333333333334,0.03396337861783816,,0.0,0.0,0.0,58.83280555555556,0.0,2,,,,0.0
112,mahmoud/boltons,https://github.com/mahmoud/boltons,mahmoud,Other,6602,357,67,2,0,0,0,2025-02-07 16:43:32+00:00,23,78,5,3.5,0.029781210228527637,84.64102564102564,0.05407452287185701,,17.5,13.4,0.0034837927900636173,5.452194444444445,-0.005720140015367541,2,mahmoud,,7.370833333333334,0.0
113,afshinea/stanford-cs-230-deep-learning,https://github.com/afshinea/stanford-cs-230-deep-learning,afshinea,MIT License,6544,1361,6,1,0,0,0,2020-05-20 04:23:56+00:00,0,2,0,0.0,0.018183333796437804,3272.0,0.20797677261613692,,0.0,0.0,0.0,,0.0,6,mjjackey,,4348.229444444444,0.0
114,growthbook/growthbook,https://github.com/growthbook/growthbook,growthbook,Other,6516,550,585,0,25,75,69,2025-04-23 23:19:25+00:00,48,90,24,84.0,0.11798898796813968,72.4,0.08440761203192143,47.91666666666667,2016.0,24.375,0.007366482504604052,21.508472222222224,0.0,0,,,,0.0
115,open-metadata/OpenMetadata,https://github.com/open-metadata/OpenMetadata,open-metadata,Apache License 2.0,6505,1206,614,0,30,390,375,2025-04-24 06:24:52+00:00,126,305,60,282.3333333333333,0.34854761786640476,21.327868852459016,0.18539584934665643,49.01960784313725,16940.0,10.233333333333333,0.019369715603382014,0.9721666666666667,0.0,4,,,,0.0
116,rushter/data-science-blogs,https://github.com/rushter/data-science-blogs,rushter,,6351,1778,13,0,0,0,0,2022-11-26 19:32:49+00:00,0,86,0,0.0,0.01764705882352941,73.84883720930233,0.27995591245473156,,0.0,0.0,0.0,1.9120555555555554,0.0,1,,,,0.0
117,rhiever/Data-Analysis-and-Machine-Learning-Projects,https://github.com/rhiever/Data-Analysis-and-Machine-Learning-Projects,rhiever,,6281,2078,12,1,0,0,0,2020-09-17 19:21:13+00:00,0,9,0,0.0,0.017452554947345024,697.8888888888889,0.33083903836968637,,0.0,0.0,0.0,600.50075,0.0,6,rhiever,,14.5975,0.0
118,nteract/nteract,https://github.com/nteract/nteract,nteract,"BSD 3-Clause ""New"" or ""Revised"" License",6243,552,195,0,0,0,0,2023-12-30 16:09:02+00:00,66,154,0,0.0,0.017346967128844926,40.53896103896104,0.08841902931283037,,0.0,0.0,0.010571840461316675,21.829666666666668,0.0,6,,,,0.0
119,pachyderm/pachyderm,https://github.com/pachyderm/pachyderm,pachyderm,Apache License 2.0,6222,568,931,0,1,0,0,2025-01-09 19:41:45+00:00,585,164,7,4.5,0.033135822351394395,37.9390243902439,0.09128897460623593,,31.5,133.0,0.0940212150433944,33.68713888888889,-0.022624434389140274,0,,,,0.0
120,flyteorg/flyte,https://github.com/flyteorg/flyte,flyteorg,Apache License 2.0,6192,717,1016,0,8,17,12,2025-04-22 15:44:52+00:00,130,294,73,41.333333333333336,0.1831986716021164,21.06122448979592,0.11579457364341085,41.37931034482759,3017.3333333333335,13.917808219178083,0.02099483204134367,4.313583333333333,0.0,5,,,,12.0
121,dformoso/machine-learning-mindmap,https://github.com/dformoso/machine-learning-mindmap,dformoso,Apache License 2.0,6183,1007,4,5,0,0,0,2019-05-17 00:03:06+00:00,0,3,0,0.0,0.017180249520686877,2061.0,0.1628659226912502,,0.0,0.0,0.0,2726.356388888889,0.0,3,dformoso,,4589.778888888889,0.0
122,haifengl/smile,https://github.com/haifengl/smile,haifengl,Other,6163,1138,5,9,0,0,0,2025-03-12 15:38:26+00:00,32,51,3,110.0,0.06827861085008459,120.84313725490196,0.18465033263021255,,330.0,1.6666666666666667,0.005192276488723025,71.51186111111112,-0.003756509860838384,1,kklioss,document,242.95,0.0
123,dair-ai/ML-Course-Notes,https://github.com/dair-ai/ML-Course-Notes,dair-ai,Other,6156,819,5,5,0,0,0,2023-02-13 03:38:54+00:00,0,3,0,0.0,0.017105226597015754,2052.0,0.13304093567251463,,0.0,0.0,0.0,2.244351851851852,0.0,3,omarsar,wip,341.0763888888889,0.0
124,qinwf/awesome-R,https://github.com/qinwf/awesome-R,qinwf,,6145,1504,15,0,0,0,0,2024-12-06 02:57:12+00:00,0,87,1,0.1666666666666666,0.019143076753498068,70.63218390804597,0.24475183075671278,,0.1666666666666666,15.0,0.0,14.084194444444444,0.0004695637326047982,1,,,,0.0
125,evidentlyai/evidently,https://github.com/evidentlyai/evidently,evidentlyai,Apache License 2.0,6070,668,209,0,2,30,28,2025-04-22 13:38:13+00:00,105,77,15,31.33333333333333,0.0667900850068595,78.83116883116882,0.1100494233937397,48.275862068965516,469.99999999999994,13.933333333333334,0.01729818780889621,22.717138888888886,-0.001237940749594468,0,,,,0.0
126,feast-dev/feast,https://github.com/feast-dev/feast,feast-dev,Apache License 2.0,5999,1075,271,0,17,67,54,2025-04-23 20:56:09+00:00,118,282,52,64.0,0.16055952961006537,21.27304964539007,0.17919653275545924,44.62809917355372,3328.0,5.211538461538462,0.019669944990831804,71.764,0.0,1,,,,0.0
127,snorkel-team/snorkel,https://github.com/snorkel-team/snorkel,snorkel-team,Apache License 2.0,5852,857,16,4,0,0,0,2024-02-27 23:05:17+00:00,16,69,0,0.0,0.016260524049014978,84.81159420289855,0.14644565960355435,,0.0,0.0,0.002734107997265892,19.8425,0.0,0,ShibaPrasad,no-issue-activity,989.2620833333333,0.0
128,traceloop/openllmetry,https://github.com/traceloop/openllmetry,traceloop,Apache License 2.0,5694,727,171,0,16,7,5,2025-04-18 16:51:16+00:00,178,68,27,21.166666666666668,0.0797712465786517,83.73529411764706,0.1276782578152441,41.66666666666667,571.5,6.333333333333333,0.03126097646645592,2.513916666666667,-0.002732007171518825,0,,,,0.0
129,aimhubio/aim,https://github.com/aimhubio/aim,aimhubio,Apache License 2.0,5524,342,402,0,5,4,4,2025-04-08 14:28:52+00:00,70,82,9,7.833333333333333,0.03757346910771697,67.36585365853658,0.061911658218682115,50.0,70.5,44.666666666666664,0.012671976828385228,3.439833333333333,0.005037138222487835,2,,,,0.0
130,airbnb/knowledge-repo,https://github.com/airbnb/knowledge-repo,airbnb,Apache License 2.0,5513,690,135,0,0,0,0,2023-04-17 04:04:39+00:00,33,55,0,0.0,0.015318569562922007,100.23636363636363,0.1251587157627426,,0.0,0.0,0.005985851623435516,1.3024166666666666,0.0,3,,,,0.0
131,ujjwalkarn/DataSciencePython,https://github.com/ujjwalkarn/DataSciencePython,ujjwalkarn,MIT License,5422,1502,11,0,0,0,0,2019-01-01 22:32:18+00:00,0,7,0,0.0,0.015065714523882298,774.5714285714286,0.27701954998155665,,0.0,0.0,0.0,4117.015777777778,0.0,1,,,,0.0
132,faridrashidi/kaggle-solutions,https://github.com/faridrashidi/kaggle-solutions,faridrashidi,MIT License,5345,1996,0,2,0,0,0,2025-04-05 18:18:18+00:00,0,5,2,2.333333333333333,0.019809570978437507,1069.0,0.3734331150608045,,4.666666666666666,0.0,0.0,245.12394444444442,-0.0017075044821992659,0,faridrashidi,,3.736666666666667,0.0
133,WillKoehrsen/Data-Analysis,https://github.com/WillKoehrsen/Data-Analysis,WillKoehrsen,MIT License,5311,3650,36,2,0,0,0,2022-06-26 14:15:38+00:00,0,5,0,0.0,0.01475728694878991,1062.2,0.6872528713989833,,0.0,0.0,0.0,490.25141666666667,0.0,5,AkashJoshi9,,2403.9313888888887,0.0
134,online-ml/river,https://github.com/online-ml/river,online-ml,"BSD 3-Clause ""New"" or ""Revised"" License",5298,568,132,0,1,0,0,2025-03-03 22:29:36+00:00,17,117,8,6.0,0.03318410664756205,45.282051282051285,0.10721026802567006,,48.0,16.5,0.0032087580218950547,12.582805555555556,-0.012037906599504824,0,,,,0.0
135,lux-org/lux,https://github.com/lux-org/lux,lux-org,Apache License 2.0,5271,375,86,1,0,0,0,2023-07-04 23:34:35+00:00,12,21,0,0.0,0.014646141876684542,251.0,0.07114399544678429,,0.0,0.0,0.0022766078542970974,22.80761111111111,0.0,8,zhxh233,,24.789166666666667,0.0
136,holoviz/panel,https://github.com/holoviz/panel,holoviz,"BSD 3-Clause ""New"" or ""Revised"" License",5164,539,1136,1,3,36,35,2025-04-23 22:12:05+00:00,80,187,23,46.0,0.08805862130615336,27.614973262032084,0.10437645236250968,49.29577464788733,1058.0,49.391304347826086,0.015491866769945779,13.71438888888889,-0.0001280628361649452,3,philippjfr,triage,17.420833333333334,0.0
137,aaronwangy/Data-Science-Cheatsheet,https://github.com/aaronwangy/Data-Science-Cheatsheet,aaronwangy,,5156,732,7,2,0,0,0,2023-03-15 22:16:54+00:00,0,2,0,0.0,0.014326599794381617,2578.0,0.14197051978277736,,0.0,0.0,0.0,3362.5940277777777,0.0,6,aaronwangy,,460.5438888888889,0.0
138,evidence-dev/evidence,https://github.com/evidence-dev/evidence,evidence-dev,MIT License,5138,252,221,0,2,6,4,2025-03-21 21:01:34+00:00,897,66,18,290.6666666666667,0.17060126123715674,77.84848484848484,0.04904632152588556,40.0,5232.0,12.277777777777779,0.1745815492409498,0.06925,-0.010031588832920687,3,,,,6.0
139,biolab/orange3,https://github.com/biolab/orange3,biolab,Other,5132,1051,177,0,3,4,3,2025-04-04 20:08:12+00:00,44,104,12,28.33333333333333,0.05064709190278901,49.34615384615385,0.20479345284489478,42.857142857142854,339.99999999999994,14.75,0.00857365549493375,34.399166666666666,-0.006531204644412193,9,,,,0.0
140,microsoft/SynapseML,https://github.com/microsoft/SynapseML,microsoft,MIT License,5123,842,396,0,3,13,10,2025-04-19 03:20:09+00:00,63,104,6,5.833333333333333,0.03115150000162837,49.25961538461539,0.16435682217450712,43.47826086956522,35.0,66.0,0.012297481944173336,34.46691666666666,-0.004610262101938017,0,,,,0.0
141,geekywrites/datascience,https://github.com/geekywrites/datascience,geekywrites,GNU General Public License v3.0,5105,526,8,3,0,0,0,2025-04-09 11:00:54+00:00,0,4,2,0.3333333333333333,0.01832171993006985,1276.25,0.10303623898139079,,0.6666666666666666,4.0,0.0,487.191875,-0.0033296337402885694,2,pengxwilliam,,1287.684537037037,0.0
142,polakowo/vectorbt,https://github.com/polakowo/vectorbt,polakowo,Other,5087,687,114,2,0,0,0,2025-01-30 12:48:02+00:00,0,13,2,1.6666666666666667,0.018819025058112747,391.3076923076923,0.13505012777668568,,3.3333333333333335,57.0,0.0,1.252138888888889,-0.0010245026893195592,7,cafawo,,9.227916666666667,0.0
143,rasbt/mlxtend,https://github.com/rasbt/mlxtend,rasbt,Other,4993,875,151,1,1,0,0,2025-01-26 15:57:33+00:00,32,100,6,2.1666666666666665,0.026763079292599003,49.93,0.17524534348087323,,13.0,25.166666666666668,0.006408972561586221,5.132833333333333,4.2687612054981987e-05,4,rasbt,bug,286.1377777777778,9.0
144,fastai/course-v3,https://github.com/fastai/course-v3,fastai,Apache License 2.0,4912,3526,54,0,0,0,0,2021-05-09 21:23:42+00:00,0,184,0,0.0,0.013648614854538887,26.695652173913043,0.7178338762214984,,0.0,0.0,0.0,16.718583333333335,0.0,3,,,,0.0
145,javascriptdata/danfojs,https://github.com/javascriptdata/danfojs,javascriptdata,MIT License,4903,214,67,1,2,5,3,2025-04-09 14:55:40+00:00,22,40,3,5.5,0.022637924335339274,122.575,0.043646746889659395,37.5,16.5,22.333333333333332,0.004487048745665919,78.85622222222223,0.004994450610432853,0,risenW,,645.6513888888888,0.0
146,man-group/dtale,https://github.com/man-group/dtale,man-group,GNU Lesser General Public License v2.1,4897,421,67,2,0,0,0,2025-03-20 19:23:35+00:00,178,24,2,2.0,0.018427916068234837,204.04166666666666,0.08597100265468655,,4.0,33.5,0.036348784970390034,53.65972222222222,-0.004055323145223256,3,aschonfeld,,322.84527777777777,0.0
147,awslabs/gluonts,https://github.com/awslabs/gluonts,awslabs,Apache License 2.0,4853,780,443,0,1,4,4,2025-04-08 12:18:39+00:00,110,105,2,1.0,0.018903993419386637,46.21904761904762,0.16072532454152072,50.0,2.0,221.5,0.02266639192252215,11.035333333333332,-0.006659267480577135,5,,,,9.0
148,blei-lab/edward,https://github.com/blei-lab/edward,blei-lab,Other,4839,757,220,1,0,0,0,2018-07-25 01:28:08+00:00,28,75,0,0.0,0.013445775097946595,64.52,0.15643728042984087,,0.0,0.0,0.005786319487497416,14.540583333333332,0.0,8,hyeon424,,1871.3691666666666,0.0
149,Nyandwi/machine_learning_complete,https://github.com/Nyandwi/machine_learning_complete,Nyandwi,MIT License,4819,803,1,3,0,0,0,2023-09-22 22:11:36+00:00,0,5,0,0.0,0.013390202561893914,963.8,0.16663208134467733,,0.0,0.0,0.0,426.0683333333333,0.0,1,Nyandwi,,385.11296296296297,0.0
150,hadley/r4ds,https://github.com/hadley/r4ds,hadley,Other,4747,4290,50,1,0,0,0,2025-03-13 04:17:19+00:00,1,286,5,1.1666666666666667,0.023669046791283274,16.597902097902097,0.9037286707394143,,5.833333333333334,10.0,0.0002106593638087213,145.7893611111111,-0.006958080764962007,6,ragweed4791,,0.5713888888888888,0.0
151,goq/telegram-list,https://github.com/goq/telegram-list,goq,,4732,819,8,1,2,1,1,2025-04-21 14:54:26+00:00,0,353,12,6.666666666666667,0.04013727089210014,13.405099150141643,0.17307692307692307,50.0,80.0,0.6666666666666666,0.0,1.8217222222222222,0.004226073593443181,0,goq,,387.20166666666665,0.0
152,louisfb01/start-machine-learning,https://github.com/louisfb01/start-machine-learning,louisfb01,MIT License,4717,612,2,4,0,0,0,2025-04-11 20:14:59+00:00,0,3,1,1.1666666666666667,0.015585687987204251,1572.3333333333333,0.12974348102607589,,1.1666666666666667,2.0,0.0,4408.570787037037,0.005421326730982668,0,louisfb01,,2710.7535416666665,0.0
153,FluxML/Flux.jl,https://github.com/FluxML/Flux.jl,FluxML,Other,4622,611,271,1,1,2,2,2025-04-15 01:40:24+00:00,111,238,17,11.833333333333334,0.05220469534404419,19.42016806722689,0.13219385547382087,50.0,201.16666666666669,15.941176470588236,0.024015577672003463,171.11088888888887,-0.010031588832920688,2,CarloLucibello,bug,833.9747222222222,3.0
154,BoltzmannEntropy/interviews.ai,https://github.com/BoltzmannEntropy/interviews.ai,BoltzmannEntropy,,4588,300,7,2,0,0,0,2022-01-21 20:02:37+00:00,0,1,0,0.0,0.012748339770485426,4588.0,0.06538796861377506,,0.0,0.0,0.0,,0.0,7,BoltzmannEntropy,ios,114.28319444444445,0.0
155,makcedward/nlpaug,https://github.com/makcedward/nlpaug,makcedward,MIT License,4550,468,77,0,1,0,0,2022-07-07 05:16:43+00:00,25,32,0,0.0,0.012642751951985328,142.1875,0.10285714285714286,,0.0,0.0,0.005494505494505495,9.114749999999999,0.0,7,,,,0.0
156,zenml-io/zenml,https://github.com/zenml-io/zenml,zenml-io,Apache License 2.0,4546,498,42,0,9,131,88,2025-04-22 16:13:16+00:00,134,110,25,97.66666666666669,0.12491705675656942,41.32727272727273,0.1095468543774747,40.182648401826484,2441.666666666667,1.68,0.029476462824461064,13.236166666666666,-0.000725689404934688,0,,,,0.0
157,lk-geimfari/mimesis,https://github.com/lk-geimfari/mimesis,lk-geimfari,MIT License,4538,338,26,0,2,0,0,2025-02-06 17:06:20+00:00,62,112,2,0.6666666666666666,0.016883068635598873,40.517857142857146,0.0744821507271926,,1.3333333333333333,13.0,0.013662406346408109,6.851805555555556,-0.009988901220865707,1,,,,0.0
158,okfn-brasil/serenata-de-amor,https://github.com/okfn-brasil/serenata-de-amor,okfn-brasil,MIT License,4535,659,75,1,0,0,0,2024-01-31 20:29:15+00:00,0,102,0,0.0,0.012601072549945816,44.46078431372549,0.14531422271223815,,0.0,0.0,0.0,64.59158333333333,0.0,6,trevineju,,3558.0375,0.0
159,alandefreitas/matplotplusplus,https://github.com/alandefreitas/matplotplusplus,alandefreitas,MIT License,4534,352,70,2,0,0,0,2025-02-17 12:34:51+00:00,6,44,2,0.3333333333333333,0.01673512402576576,103.04545454545455,0.0776356418173798,,0.6666666666666666,35.0,0.0013233348037053375,4.9247499999999995,0.0008537522410996331,6,Tzlzl12,,63.97472222222222,0.0
160,lancedb/lance,https://github.com/lancedb/lance,lancedb,Apache License 2.0,4530,285,632,1,25,59,57,2025-04-23 23:44:18+00:00,273,84,31,60.16666666666666,0.11366080108558771,53.92857142857143,0.06291390728476821,49.137931034482754,1865.1666666666663,20.387096774193548,0.06026490066225165,16.12311111111111,0.0,2,westonpace,,0.005833333333333334,0.0
161,kelvins/awesome-mlops,https://github.com/kelvins/awesome-mlops,kelvins,,4459,606,6,0,0,0,0,2024-11-29 13:09:08+00:00,0,66,1,0.3333333333333333,0.0145267270155682,67.56060606060606,0.1359049114151155,,0.3333333333333333,6.0,0.0,25.407833333333333,-0.010245026893195596,0,,,,0.0
162,datawhalechina/competition-baseline,https://github.com/datawhalechina/competition-baseline,datawhalechina,GNU General Public License v3.0,4441,1074,0,8,0,0,0,2024-10-08 04:28:57+00:00,0,8,0,0.0,0.012339881630498208,555.125,0.24183742400360278,,0.0,0.0,0.0,22.378055555555555,-0.015196789891573467,0,finlay-liu,,158.8036111111111,0.0
163,r0f1/datascience,https://github.com/r0f1/datascience,r0f1,Creative Commons Zero v1.0 Universal,4360,700,0,1,0,0,0,2025-03-23 15:39:44+00:00,0,13,1,3.0,0.015346283783088034,335.38461538461536,0.16055045871559634,,3.0,0.0,0.0,1602.55875,-0.0078118330060616414,0,r0f1,,6.953333333333333,0.0
164,tensorflow/probability,https://github.com/tensorflow/probability,tensorflow,Apache License 2.0,4327,1117,711,3,1,0,0,2025-04-15 15:34:15+00:00,52,355,9,7.666666666666667,0.033170210535317185,12.188732394366196,0.25814652183961173,,69.0,79.0,0.012017564132193206,73.59852777777778,-0.005037138222487834,6,NeilGirdhar,,363.51731481481477,0.0
165,youssefHosni/Data-Science-Interview-Questions-Answers,https://github.com/youssefHosni/Data-Science-Interview-Questions-Answers,youssefHosni,,4303,1007,10,0,1,0,0,2024-09-29 12:52:11+00:00,0,10,0,0.0,0.011956431131734698,430.3,0.2340227748082733,,0.0,0.0,0.0,150.97994444444447,-0.000469563732604798,5,,,,0.0
166,dsgiitr/d2l-pytorch,https://github.com/dsgiitr/d2l-pytorch,dsgiitr,Apache License 2.0,4291,1240,16,1,0,0,0,2021-01-09 18:30:28+00:00,0,23,0,0.0,0.011923087610103088,186.56521739130434,0.28897692845490563,,0.0,0.0,0.0,5.015027777777777,0.0,2,iangechuki,,20.38,0.0
167,modelscope/data-juicer,https://github.com/modelscope/data-juicer,modelscope,Apache License 2.0,4270,228,45,0,2,14,13,2025-04-23 02:11:01+00:00,14,29,14,20.166666666666668,0.051421646180503836,147.24137931034483,0.053395784543325525,48.148148148148145,282.33333333333337,3.2142857142857144,0.003278688524590164,8.105611111111111,0.006573892256467174,3,,,,3.0
168,whoiskatrin/sql-translator,https://github.com/whoiskatrin/sql-translator,whoiskatrin,MIT License,4265,366,6,2,0,0,0,2024-01-15 15:25:52+00:00,0,18,0,0.0,0.0118508433132346,236.94444444444446,0.0858147713950762,,0.0,0.0,0.0,4.611583333333334,0.0,3,airiermonster,,1467.4545833333334,0.0
169,sktime/pytorch-forecasting,https://github.com/sktime/pytorch-forecasting,sktime,MIT License,4262,676,547,0,5,1,1,2025-04-18 09:57:29+00:00,35,59,18,8.0,0.0513786367053524,72.23728813559322,0.15861098076020647,50.0,144.0,30.38888888888889,0.008212106992022525,15.89538888888889,0.0030735080679586773,4,,,,9.0
170,Nixtla/statsforecast,https://github.com/Nixtla/statsforecast,Nixtla,Apache License 2.0,4246,307,115,0,2,2,1,2025-04-23 19:40:15+00:00,36,47,8,5.666666666666667,0.030376367958152222,90.34042553191489,0.07230334432406971,33.33333333333333,45.333333333333336,14.375,0.008478568064060292,12.618055555555555,0.00038418850849483537,4,,,,3.0
171,microsoft/RD-Agent,https://github.com/microsoft/RD-Agent,microsoft,MIT License,4234,360,47,0,13,80,76,2025-04-24 04:48:25+00:00,6,25,15,46.66666666666666,0.08008863777788697,169.36,0.08502598016060463,48.717948717948715,699.9999999999999,3.1333333333333333,0.0014170996693434106,90.3628611111111,0.0025612567232989004,0,,,,0.0
172,markusschanta/awesome-jupyter,https://github.com/markusschanta/awesome-jupyter,markusschanta,Creative Commons Attribution Share Alike 4.0 International,4211,426,6,0,0,0,0,2024-06-20 07:33:08+00:00,0,81,0,0.0,0.011700797465892357,51.98765432098765,0.10116361909285206,,0.0,0.0,0.0,56.060138888888886,-0.0015794416460343209,2,,,,0.0
173,Azure/MachineLearningNotebooks,https://github.com/Azure/MachineLearningNotebooks,Azure,MIT License,4184,2539,396,0,0,0,0,2025-03-14 16:42:02+00:00,28,59,3,1.3333333333333333,0.018173094952711542,70.91525423728814,0.6068355640535373,,4.0,132.0,0.006692160611854685,0.007638888888888889,-0.0010245026893195592,4,,,,0.0
174,mljar/mercury,https://github.com/mljar/mercury,mljar,GNU Affero General Public License v3.0,4175,266,89,1,0,0,0,2024-12-06 09:43:21+00:00,45,16,2,0.3333333333333333,0.015737597003620103,260.9375,0.0637125748502994,,0.6666666666666666,44.5,0.010778443113772455,35.023,-0.002945445231793734,8,pplonski,,415.64694444444444,3.0
175,plotters-rs/plotters,https://github.com/plotters-rs/plotters,plotters-rs,MIT License,4157,301,152,2,1,0,0,2025-03-27 17:55:35+00:00,0,99,5,2.1666666666666665,0.022440147285596866,41.98989898989899,0.07240798652874669,,10.833333333333332,30.4,0.0,21.879333333333335,-0.015666353624178266,7,cherish-ltt,,55.534444444444446,12.0
176,jonathan-bower/DataScienceResources,https://github.com/jonathan-bower/DataScienceResources,jonathan-bower,,4147,1500,25,0,0,0,0,2021-11-04 21:21:20+00:00,0,2,0,0.0,0.011522965350523773,2073.5,0.3617072582589824,,0.0,0.0,0.0,458.0704861111111,0.0,1,,,,0.0
177,orchest/orchest,https://github.com/orchest/orchest,orchest,Apache License 2.0,4114,262,130,2,1,0,0,2023-06-06 09:48:26+00:00,201,27,0,0.0,0.011431270666036846,152.37037037037038,0.0636849781234808,,0.0,0.0,0.04885755955274672,23.9505,0.0,5,yannickperrenet,improvement,85.90166666666667,12.0
178,microsoft/FLAML,https://github.com/microsoft/FLAML,microsoft,MIT License,4112,535,228,1,2,6,4,2025-04-23 06:22:12+00:00,74,91,9,5.166666666666667,0.03255540724141695,45.18681318681319,0.1301070038910506,40.0,46.5,25.333333333333332,0.01799610894941634,88.3058611111111,0.004396824041663111,1,thinkall,bug,100.41444444444444,6.0
179,iterative/cml,https://github.com/iterative/cml,iterative,Apache License 2.0,4094,345,79,0,0,0,0,2024-10-24 14:01:52+00:00,72,34,0,0.0,0.011375698129984162,120.41176470588235,0.08426966292134831,,0.0,0.0,0.017586712261846604,47.76577777777777,-0.003969947921113293,3,,,,0.0
180,DataScienceSpecialization/courses,https://github.com/DataScienceSpecialization/courses,DataScienceSpecialization,,4088,31314,88,1,0,0,0,2016-03-16 12:13:44+00:00,0,13,0,0.0,0.011359026369168357,314.46153846153845,7.659980430528376,,0.0,0.0,0.0,142.72575,0.0,3,pakjiddat,,0.06472222222222222,0.0
181,khuyentran1401/Data-science,https://github.com/khuyentran1401/Data-science,khuyentran1401,,4088,1031,8,3,2,0,0,2025-04-23 15:19:21+00:00,0,2,1,4.666666666666667,0.015274647805884434,2044.0,0.25220156555772993,,4.666666666666667,8.0,0.0,1059.7143055555555,0.0009391274652095964,1,khuyentran1401,,13.476481481481482,0.0
182,khanhnamle1994/cracking-the-data-science-interview,https://github.com/khanhnamle1994/cracking-the-data-science-interview,khanhnamle1994,,4008,1105,6,1,0,0,0,2024-08-31 11:22:32+00:00,0,3,0,0.0,0.011136736224957627,1336.0,0.27569860279441116,,0.0,0.0,0.0,1078.7990277777778,-0.0017501920942542479,1,yacinekp,,0.008611111111111111,0.0
183,aws/aws-sdk-pandas,https://github.com/aws/aws-sdk-pandas,aws,Apache License 2.0,4006,707,35,1,3,12,9,2025-04-23 13:02:48+00:00,126,147,9,12.833333333333334,0.0366689992085763,27.25170068027211,0.1764852720918622,42.857142857142854,115.5,3.888888888888889,0.03145282076884673,0.045,-0.0028173823956287873,0,kukushking,bug,5.518888888888889,3.0
184,jonkrohn/ML-foundations,https://github.com/jonkrohn/ML-foundations,jonkrohn,MIT License,3966,1890,4,4,1,0,0,2024-11-20 19:39:24+00:00,0,2,1,0.3333333333333333,0.01315686400186957,1983.0,0.47655068078668683,,0.3333333333333333,4.0,0.0,1772.3687037037037,-0.0026466319474088623,1,jonkrohn,,184.17868055555556,0.0
185,nteract/hydrogen,https://github.com/nteract/hydrogen,nteract,MIT License,3944,335,180,2,0,0,0,2023-01-10 01:11:13+00:00,92,78,0,0.0,0.010958904109589041,50.56410256410256,0.08493914807302232,,0.0,0.0,0.02332657200811359,9.091611111111112,0.0,1,aminya,documentation :page_with_curl:,132.27833333333334,0.0
186,yhat/rodeo,https://github.com/yhat/rodeo,yhat,Other,3917,410,231,2,0,0,0,2017-01-03 17:42:16+00:00,39,4,0,0.0,0.010883881185917921,979.25,0.10467194281337759,,0.0,0.0,0.009956599438345672,21.852138888888888,0.0,8,leavor,,1975.3493055555555,0.0
187,gopherdata/gophernotes,https://github.com/gopherdata/gophernotes,gopherdata,MIT License,3915,262,52,6,0,0,0,2023-11-03 18:01:39+00:00,17,28,0,0.0,0.010878323932312651,139.82142857142858,0.0669220945083014,,0.0,0.0,0.004342273307790549,157.81925,0.0,3,cosmos72,question,2681.2429166666666,0.0
188,TDAmeritrade/stumpy,https://github.com/TDAmeritrade/stumpy,TDAmeritrade,Other,3896,333,74,5,1,1,1,2025-04-08 00:46:33+00:00,27,36,2,4.0,0.016719698064117387,108.22222222222223,0.08547227926078028,50.0,8.0,37.0,0.006930184804928132,14.811277777777777,-0.010629215401690428,2,seanlaw,question,231.04072222222223,0.0
189,jeroenjanssens/data-science-at-the-command-line,https://github.com/jeroenjanssens/data-science-at-the-command-line,jeroenjanssens,Other,3869,774,36,1,0,0,0,2021-12-14 11:29:57+00:00,1,26,0,0.0,0.010750507099391482,148.80769230769232,0.20005169294391315,,0.0,0.0,0.0002584647195657793,386.1724722222222,0.0,6,jeroenjanssens,,46.73555555555556,0.0
190,anu0012/awesome-computer-science-opportunities,https://github.com/anu0012/awesome-computer-science-opportunities,anu0012,MIT License,3818,384,15,0,0,0,0,2023-12-29 10:33:29+00:00,0,39,0,0.0,0.01060879713245714,97.8974358974359,0.10057621791513882,,0.0,0.0,0.0,0.47555555555555556,0.0,1,,,,0.0
191,kubeflow/pipelines,https://github.com/kubeflow/pipelines,kubeflow,Apache License 2.0,3802,1718,264,0,10,51,49,2025-04-23 20:02:57+00:00,164,406,52,38.66666666666666,0.14279476467744298,9.364532019704434,0.4518674381904261,49.0,2010.666666666666,5.076923076923077,0.04313519200420831,31.225694444444443,0.0025185691112439164,4,,,,0.0
192,kojino/120-Data-Science-Interview-Questions,https://github.com/kojino/120-Data-Science-Interview-Questions,kojino,,3783,1316,8,0,0,0,0,2020-01-24 22:13:52+00:00,0,13,0,0.0,0.010511545194364945,291.0,0.3478720592122654,,0.0,0.0,0.0,386.83852777777776,0.0,1,,,,0.0
193,deepchecks/deepchecks,https://github.com/deepchecks/deepchecks,deepchecks,Other,3778,267,252,3,0,0,0,2025-03-05 10:40:45+00:00,62,49,5,1.8333333333333333,0.021250217624775948,77.10204081632654,0.0706723133933298,,9.166666666666666,50.4,0.01641079936474325,0.8022222222222222,0.004695637326047982,2,JKL98ISR,bug,115.32092592592592,9.25
194,jphall663/awesome-machine-learning-interpretability,https://github.com/jphall663/awesome-machine-learning-interpretability,jphall663,Creative Commons Zero v1.0 Universal,3769,599,21,0,0,6,5,2025-04-17 12:46:57+00:00,0,35,4,24.666666666666668,0.02985910606111806,107.68571428571428,0.15892809763863094,45.45454545454545,98.66666666666667,5.25,0.0,30.563083333333335,-0.0003415008964398535,0,,,,0.0
195,Moataz-Elmesmary/Data-Science-Roadmap,https://github.com/Moataz-Elmesmary/Data-Science-Roadmap,Moataz-Elmesmary,MIT License,3731,533,0,1,0,6,6,2025-04-04 19:27:32+00:00,0,1,1,5.0,0.015932748997469777,3731.0,0.14285714285714285,50.0,5.0,0.0,0.0,8.551361111111111,0.0012806283616494491,0,Moataz-Elmesmary,,1715.4252777777779,0.0
196,justmarkham/scikit-learn-videos,https://github.com/justmarkham/scikit-learn-videos,justmarkham,,3699,2541,2,4,0,0,0,2024-03-05 19:22:37+00:00,0,2,0,0.0,0.010278140542943678,1849.5,0.6869424168694241,,0.0,0.0,0.0,2687.615138888889,0.0,0,justmarkham,,3108.081388888889,0.0
197,gee-community/geemap,https://github.com/gee-community/geemap,gee-community,MIT License,3639,1110,13,2,1,4,4,2025-04-16 14:11:21+00:00,148,56,11,14.166666666666666,0.038935529534580585,64.98214285714286,0.30502885408079145,50.0,155.83333333333331,1.1818181818181819,0.040670513877438856,0.8644999999999999,-0.010159651669085631,2,giswqs,bug,13.785972222222222,12.0
198,polyaxon/polyaxon,https://github.com/polyaxon/polyaxon,polyaxon,Apache License 2.0,3630,316,123,4,0,0,0,2025-04-22 17:29:57+00:00,0,89,1,3.6666666666666665,0.013591546422410268,40.78651685393258,0.08705234159779614,,3.6666666666666665,123.0,0.0,91.71808333333333,-0.004396824041663109,6,polyaxon-team,regression,133.69819444444445,3.0
199,jtablesaw/tablesaw,https://github.com/jtablesaw/tablesaw,jtablesaw,Apache License 2.0,3619,648,142,2,0,0,0,2025-04-09 04:05:09+00:00,79,87,9,4.833333333333333,0.030039886886760313,41.59770114942529,0.17905498756562585,,43.5,15.777777777777779,0.02182923459519204,51.72833333333333,0.005122513446597798,4,vinunderwood,,28.336805555555557,0.0
200,chiphuyen/python-is-cool,https://github.com/chiphuyen/python-is-cool,chiphuyen,,3583,565,3,2,0,0,0,2019-12-27 04:06:20+00:00,0,5,0,0.0,0.009955819833838118,716.6,0.15768908735696344,,0.0,0.0,0.0,570.449,0.0,2,chiphuyen,,2.3319444444444444,0.0
201,spotify/chartify,https://github.com/spotify/chartify,spotify,Apache License 2.0,3579,333,52,0,1,0,0,2024-10-16 14:45:12+00:00,27,19,0,0.0,0.00994470532662758,188.3684210526316,0.09304274937133278,,0.0,0.0,0.0075440067057837385,17.554305555555555,-0.0004268761205498165,0,,,,0.0
202,quadratichq/quadratic,https://github.com/quadratichq/quadratic,quadratichq,Other,3577,209,266,0,24,136,118,2025-04-24 02:34:17+00:00,5,25,9,730.8333333333334,0.35769955160391764,143.08,0.05842885099245178,46.45669291338583,6577.5,29.555555555555557,0.0013978194017332962,195.93408333333332,0.0,4,,,,0.0
203,hemansnation/god-level-ai,https://github.com/hemansnation/god-level-ai,hemansnation,,3562,665,13,1,0,0,0,2025-02-26 17:32:42+00:00,0,3,1,1.5,0.012513204132784398,1187.3333333333333,0.186692869174621,,1.5,13.0,0.0,1616.8167361111111,-0.0005122513446597799,5,kaue-oliveira,,9166.642777777777,0.0
204,ploomber/ploomber,https://github.com/ploomber/ploomber,ploomber,Apache License 2.0,3557,239,108,0,0,0,0,2024-09-18 19:11:08+00:00,0,77,0,0.0,0.00988357553696963,46.1948051948052,0.06719145347202699,,0.0,0.0,0.0,33.97936111111111,-0.0017928797063092292,7,,,,0.0
205,fastai/fastpages,https://github.com/fastai/fastpages,fastai,Apache License 2.0,3538,746,0,5,0,0,0,2022-11-13 18:05:19+00:00,9,48,0,0.0,0.009830781627719581,73.70833333333333,0.2108535895986433,,0.0,0.0,0.002543810062182024,1.3983055555555555,0.0,0,hamelsmu,enhancement,727.8331111111112,3.0
206,ml-tooling/ml-workspace,https://github.com/ml-tooling/ml-workspace,ml-tooling,Apache License 2.0,3487,453,1,7,0,0,0,2023-11-14 19:49:36+00:00,4,8,0,0.0,0.009689071660785241,435.875,0.12991109836535705,,0.0,0.0,0.0011471178663607685,401.6998888888889,0.0,1,github-actions[bot],feature,2805.976111111111,12.0
207,fastai/course-nlp,https://github.com/fastai/course-nlp,fastai,,3441,1478,54,3,0,0,0,2020-02-16 18:46:24+00:00,0,4,0,0.0,0.00956125482786407,860.25,0.42952630049404245,,0.0,0.0,0.0,11394.967579365079,0.0,1,0355025525,,920.2374074074073,0.0
208,microsoft/tensorwatch,https://github.com/microsoft/tensorwatch,microsoft,MIT License,3439,362,53,1,0,0,0,2023-08-30 07:47:36+00:00,0,14,0,0.0,0.009555697574258802,245.64285714285714,0.10526315789473684,,0.0,0.0,0.0,554.8323611111111,0.0,5,microsoft-github-policy-service[bot],,240.6052777777778,0.0
209,alibaba/GraphScope,https://github.com/alibaba/GraphScope,alibaba,Apache License 2.0,3438,454,437,0,5,10,10,2025-04-16 07:47:52+00:00,35,69,14,24.666666666666668,0.05020041463736546,49.82608695652174,0.13205351948807445,50.0,345.33333333333337,31.214285714285715,0.010180337405468295,6.632361111111111,-0.003329633740288568,1,,,,0.0
210,PriorLabs/TabPFN,https://github.com/PriorLabs/TabPFN,PriorLabs,Other,3429,296,41,3,5,4,4,2025-04-17 09:03:26+00:00,0,22,16,37.0,0.05772487993567394,155.86363636363637,0.0863225430154564,50.0,592.0,2.5625,0.0,596.7181111111112,0.018441048407752073,3,LeoGrin,documentation,78.52703703703703,0.0
211,ndleah/python-mini-project,https://github.com/ndleah/python-mini-project,ndleah,MIT License,3419,1342,77,0,3,0,0,2024-06-02 06:12:50+00:00,0,118,0,0.0,0.009500125038206119,28.97457627118644,0.3925124305352442,,0.0,0.0,0.0,15.605333333333332,-0.007939895842226588,1,,,,0.0
212,data-science-on-aws/data-science-on-aws,https://github.com/data-science-on-aws/data-science-on-aws,data-science-on-aws,Apache License 2.0,3380,1087,79,5,0,0,0,2024-07-31 02:44:52+00:00,0,14,0,0.0,0.009391758592903388,241.42857142857142,0.3215976331360947,,0.0,0.0,0.0,125.48152777777777,-0.001067190301374541,2,cfregly,,2325.0428333333334,0.0
213,google/deepvariant,https://github.com/google/deepvariant,google,"BSD 3-Clause ""New"" or ""Revised"" License",3377,744,9,4,0,0,0,2025-03-10 19:23:56+00:00,22,27,6,15.333333333333334,0.02767760743313403,125.07407407407408,0.22031388806633107,,92.0,1.5,0.006514657980456026,50.905944444444444,-0.025100315888329207,6,KilianIlius,,74.655625,0.0
214,databricks/koalas,https://github.com/databricks/koalas,databricks,Apache License 2.0,3352,362,110,2,0,0,0,2023-09-21 03:12:16+00:00,47,50,0,0.0,0.009313957042429632,67.04,0.10799522673031026,,0.0,0.0,0.014021479713603818,95.28175,0.0,7,itholic,,2.0841666666666665,0.0
215,opengeos/leafmap,https://github.com/opengeos/leafmap,opengeos,MIT License,3329,411,0,1,0,11,11,2025-04-19 14:41:35+00:00,229,38,7,21.0,0.03464461999661384,87.60526315789474,0.12346049864824271,50.0,147.0,0.0,0.06878942625413037,2.4301944444444445,-0.008580210023051312,0,giswqs,bug,3.7280555555555557,3.0
216,antonycourtney/tad,https://github.com/antonycourtney/tad,antonycourtney,MIT License,3288,121,160,0,0,0,0,2025-03-05 22:46:04+00:00,15,11,2,2.833333333333333,0.01429918079935295,298.90909090909093,0.03680048661800486,,5.666666666666666,80.0,0.004562043795620438,3219.7077777777777,-0.006189703747972339,7,,,,0.0
217,ethen8181/machine-learning,https://github.com/ethen8181/machine-learning,ethen8181,MIT License,3233,649,6,0,0,0,0,2024-10-24 05:37:45+00:00,0,10,0,0.0,0.00898330045291617,323.3,0.2007423445716053,,0.0,0.0,0.0,367.16316666666665,-0.00025612567232988995,2,,,,0.0
218,mrdbourke/zero-to-mastery-ml,https://github.com/mrdbourke/zero-to-mastery-ml,mrdbourke,,3206,3545,36,1,0,0,0,2024-10-30 03:29:55+00:00,0,25,1,3.0,0.01213974845284824,128.24,1.1057392389270118,,3.0,36.0,0.0,35.86258333333333,-0.0056347647912575755,6,Manar-03,,1.0191666666666668,0.0
219,tirthajyoti/Machine-Learning-with-Python,https://github.com/tirthajyoti/Machine-Learning-with-Python,tirthajyoti,"BSD 2-Clause ""Simplified"" License",3204,1820,9,0,0,0,0,2022-09-14 07:41:00+00:00,0,3,0,0.0,0.00890272027563978,1068.0,0.568039950062422,,0.0,0.0,0.0,294.44533333333334,0.0,3,,,,0.0
220,posit-dev/positron,https://github.com/posit-dev/positron,posit-dev,Other,3176,99,1162,0,24,147,143,2025-04-23 19:17:41+00:00,20,36,24,148.0,0.153643058060082,88.22222222222223,0.031171284634760706,49.310344827586206,3552.0,48.416666666666664,0.006297229219143577,457.6105,-0.000725689404934688,3,,,,6.0
221,krishnaik06/Perfect-Roadmap-To-Learn-Data-Science-In-2024,https://github.com/krishnaik06/Perfect-Roadmap-To-Learn-Data-Science-In-2024,krishnaik06,GNU General Public License v3.0,3159,1312,12,0,0,0,0,2024-01-02 08:10:33+00:00,0,1,0,0.0,0.008777682069521243,3159.0,0.4153213042101931,,0.0,0.0,0.0,0.013125,0.0,8,,,,0.0
222,spark-notebook/spark-notebook,https://github.com/spark-notebook/spark-notebook,spark-notebook,Apache License 2.0,3149,654,208,0,0,0,0,2021-03-30 08:57:25+00:00,18,63,0,0.0,0.008749895801494902,49.98412698412698,0.2076849793585265,,0.0,0.0,0.0057161003493172435,0.9661111111111111,0.0,7,,,,0.0
223,mljar/mljar-supervised,https://github.com/mljar/mljar-supervised,mljar,MIT License,3146,420,139,6,0,1,1,2025-04-14 09:03:52+00:00,65,27,2,2.6666666666666665,0.014088407551651475,116.51851851851852,0.13350286077558804,50.0,5.333333333333333,69.5,0.02066115702479339,1651.1312777777778,0.0008964398531546145,3,pplonski,bug,814.9594907407406,3.0
224,determined-ai/determined,https://github.com/determined-ai/determined,determined-ai,Apache License 2.0,3134,364,102,1,0,0,0,2025-03-19 23:06:31+00:00,121,101,22,10.5,0.05701836463206656,31.02970297029703,0.11614550095724314,,231.0,4.636363636363637,0.03860880663688577,2.509888888888889,-0.022496371552975326,0,liuxingyu,question,27.884444444444444,0.0
225,nidhaloff/igel,https://github.com/nidhaloff/igel,nidhaloff,MIT License,3112,179,6,0,0,0,0,2023-04-08 21:24:51+00:00,14,20,0,0.0,0.00864708660979744,155.6,0.057519280205655526,,0.0,0.0,0.004498714652956298,10.156472222222224,0.0,2,,,,0.0
226,modelscope/modelscope-agent,https://github.com/modelscope/modelscope-agent,modelscope,Apache License 2.0,3101,348,74,1,0,0,0,2025-02-27 10:30:32+00:00,15,36,2,2.833333333333333,0.013779577587260367,86.13888888888889,0.11222186391486617,,5.666666666666666,37.0,0.004837149306675266,13.171055555555556,-0.025612567232988985,3,suluyana,enhancement,0.3047222222222222,6.0
227,aksnzhy/xlearn,https://github.com/aksnzhy/xlearn,aksnzhy,Apache License 2.0,3092,518,195,2,0,0,0,2022-06-05 10:44:18+00:00,15,25,0,0.0,0.008591514073744757,123.68,0.16752910737386806,,0.0,0.0,0.0048512289780077615,27.89236111111111,0.0,5,k8tems,,95.62208333333334,0.0
228,GokuMohandas/mlops-course,https://github.com/GokuMohandas/mlops-course,GokuMohandas,MIT License,3086,539,1,8,0,0,0,2023-07-26 12:02:46+00:00,0,1,0,0.0,0.008574842312928951,3086.0,0.1746597537265068,,0.0,0.0,0.0,7.26734126984127,0.0,0,GokuMohandas,,211.02645833333332,0.0
229,bfortuner/ml-glossary,https://github.com/bfortuner/ml-glossary,bfortuner,MIT License,3059,737,23,0,0,0,0,2022-07-01 19:27:08+00:00,0,68,0,0.0,0.00849981938925783,44.98529411764706,0.2409284079764629,,0.0,0.0,0.0,6.885222222222222,0.0,1,,,,0.0
230,parrt/dtreeviz,https://github.com/parrt/dtreeviz,parrt,MIT License,3048,340,73,1,0,0,0,2025-03-06 23:21:12+00:00,37,23,1,0.1666666666666666,0.010537669545740142,132.52173913043478,0.1115485564304462,,0.1666666666666666,73.0,0.012139107611548556,643.9461388888889,4.2687612054981594e-05,8,tlapusan,,168.80972222222223,0.0
231,tirthajyoti/Data-science-best-resources,https://github.com/tirthajyoti/Data-science-best-resources,tirthajyoti,MIT License,3044,1001,10,1,0,0,0,2022-09-14 07:39:21+00:00,0,4,0,0.0,0.008458139987218317,761.0,0.3288436268068331,,0.0,0.0,0.0,634.4712222222222,0.0,0,ilkerarslan,,7.034166666666667,0.0
232,shogun-toolbox/shogun,https://github.com/shogun-toolbox/shogun,shogun-toolbox,"BSD 3-Clause ""New"" or ""Revised"" License",3041,1035,427,5,0,0,0,2023-12-19 18:37:18+00:00,10,177,0,0.0,0.008449804106810415,17.180790960451976,0.3403485695494903,,0.0,0.0,0.003288391976323578,15.15025,0.0,4,stale[bot],stale,5983.413833333334,0.0
233,dotnet/interactive,https://github.com/dotnet/interactive,dotnet,MIT License,3033,399,567,1,4,10,9,2025-04-23 14:17:01+00:00,29,116,14,20.83333333333333,0.04724931779255513,26.146551724137932,0.13155291790306628,47.368421052631575,291.66666666666663,40.5,0.009561490273656445,1.9751944444444445,0.003841885084948348,4,Creta5164,waiting-on-feedback,23.790277777777778,3.0
234,fbdesignpro/sweetviz,https://github.com/fbdesignpro/sweetviz,fbdesignpro,MIT License,3008,284,50,0,1,0,0,2023-11-29 13:26:08+00:00,9,9,0,0.0,0.008358109422323488,334.22222222222223,0.09441489361702128,,0.0,0.0,0.0029920212765957447,243.5170277777778,0.0,6,,,,0.0
235,stellargraph/stellargraph,https://github.com/stellargraph/stellargraph,stellargraph,Apache License 2.0,2999,434,326,2,0,0,0,2021-10-29 06:15:49+00:00,25,29,0,0.0,0.008333101781099781,103.41379310344827,0.14471490496832276,,0.0,0.0,0.008336112037345782,67.63036111111111,0.0,7,forrestw2005,bug,2405.117777777778,15.0
236,rbhatia46/Data-Science-Interview-Resources,https://github.com/rbhatia46/Data-Science-Interview-Resources,rbhatia46,MIT License,2993,697,16,1,0,0,0,2024-08-07 14:03:15+00:00,0,1,0,0.0,0.008316430020283976,2993.0,0.2328767123287671,,0.0,0.0,0.0,,-0.0023905062750789723,4,imdevesh21,,0.009444444444444445,0.0
237,theOehrly/Fast-F1,https://github.com/theOehrly/Fast-F1,theOehrly,MIT License,2992,306,33,4,1,1,1,2025-04-18 18:29:49+00:00,71,34,6,7.5,0.023644535512073184,88.0,0.10227272727272728,50.0,45.0,5.5,0.023729946524064172,190.14355555555557,-0.0001280628361649445,4,theOehrly,not at bug,228.60979166666667,0.0
238,datafold/data-diff,https://github.com/datafold/data-diff,datafold,MIT License,2966,279,0,7,0,0,0,2024-05-17 13:45:02+00:00,63,48,0,0.0,0.008241407096612854,61.791666666666664,0.09406608226567768,,0.0,0.0,0.02124072825354012,41.30533333333334,-0.0020063177665841374,0,glebmezh,bug,299.5573809523809,15.0
239,nborwankar/LearnDataScience,https://github.com/nborwankar/LearnDataScience,nborwankar,Other,2966,1659,4,1,0,0,0,2023-12-22 18:16:53+00:00,0,5,0,0.0,0.008241407096612854,593.2,0.5593391773432232,,0.0,0.0,0.0,1002.947138888889,0.0,0,nborwankar,,32898.82861111111,0.0
240,chaconnewu/free-data-science-books,https://github.com/chaconnewu/free-data-science-books,chaconnewu,The Unlicense,2952,1099,3,1,0,0,0,2018-10-29 13:38:52+00:00,0,14,0,0.0,0.008202506321375976,210.85714285714286,0.372289972899729,,0.0,0.0,0.0,192.55008333333333,0.0,2,josephtoles,,147.17277777777778,0.0
241,matheusfacure/python-causality-handbook,https://github.com/matheusfacure/python-causality-handbook,matheusfacure,MIT License,2922,528,68,1,0,0,0,2024-12-09 14:24:01+00:00,1,38,1,0.1666666666666666,0.010187562568608241,76.89473684210526,0.1806981519507187,,0.1666666666666666,68.0,0.00034223134839151266,4.213611111111111,-0.00046956373260479816,8,khomi-a,,0.23694444444444446,0.0
242,libffcv/ffcv,https://github.com/libffcv/ffcv,libffcv,Apache License 2.0,2920,180,117,0,1,0,0,2024-05-06 14:20:38+00:00,3,28,0,0.0,0.008113590263691683,104.28571428571429,0.06164383561643835,,0.0,0.0,0.0010273972602739725,45.53977777777778,0.0,8,,,,0.0
243,ashishpatel26/Andrew-NG-Notes,https://github.com/ashishpatel26/Andrew-NG-Notes,ashishpatel26,,2914,1082,4,2,0,0,0,2022-01-12 10:55:05+00:00,0,4,0,0.0,0.00809691850287588,728.5,0.3713109128345916,,0.0,0.0,0.0,5959.8452777777775,0.0,1,Sisodiasatyam,,283.6725,0.0
244,rio-labs/rio,https://github.com/rio-labs/rio,rio-labs,Apache License 2.0,2862,95,73,3,2,4,1,2025-04-21 07:27:32+00:00,11,16,10,92.66666666666669,0.06624340524779916,178.875,0.033193570929419984,20.0,926.6666666666669,7.3,0.003843466107617051,43.973416666666665,0.0,0,Aran-Fey,,157.7537037037037,0.0
245,Visualize-ML/Book7_Visualizations-for-Machine-Learning,https://github.com/Visualize-ML/Book7_Visualizations-for-Machine-Learning,Visualize-ML,,2817,549,0,10,0,0,0,2024-09-11 14:48:13+00:00,0,1,0,0.0,0.007827391703020367,2817.0,0.19488817891373802,,0.0,0.0,0.0,,-0.002049005378639119,0,Visualize-ML,,1223.4718055555556,0.0
246,rasbt/deep-learning-book,https://github.com/rasbt/deep-learning-book,rasbt,Other,2797,750,2,3,0,0,0,2019-06-05 18:05:54+00:00,0,2,0,0.0,0.007771819166967685,1398.5,0.2681444404719342,,0.0,0.0,0.0,0.8689166666666667,0.0,1,rasbt,,2094.1619444444445,0.0
247,krzjoa/awesome-python-data-science,https://github.com/krzjoa/awesome-python-data-science,krzjoa,Creative Commons Attribution 4.0 International,2784,367,3,1,0,0,0,2025-02-20 14:54:00+00:00,0,30,1,0.1666666666666666,0.009804112069844731,92.8,0.13182471264367815,,0.1666666666666666,3.0,0.0,69.17844444444444,-0.0034576965764535144,1,ArthurChernyaev,,0.005277777777777778,0.0
248,TeamHG-Memex/eli5,https://github.com/TeamHG-Memex/eli5,TeamHG-Memex,MIT License,2769,331,163,0,0,0,0,2020-01-22 07:39:36+00:00,0,12,0,0.0,0.00769401761649393,230.75,0.11953773925604912,,0.0,0.0,0.0,3.4944444444444445,0.0,8,,,,0.0
249,MilesCranmer/PySR,https://github.com/MilesCranmer/PySR,MilesCranmer,Apache License 2.0,2762,246,96,3,2,2,2,2025-04-08 15:26:28+00:00,86,34,11,35.833333333333336,0.04488821687997023,81.23529411764706,0.0890658942795076,50.0,394.1666666666667,8.727272727272727,0.031136857349746562,41.65230555555555,0.004866387774267908,3,GZCPhysics,bug,62.91287037037037,9.0
250,Eventual-Inc/Daft,https://github.com/Eventual-Inc/Daft,Eventual-Inc,Apache License 2.0,2752,203,331,0,18,92,83,2025-04-23 23:25:05+00:00,83,75,33,96.16666666666669,0.1340554307629229,36.693333333333335,0.07376453488372094,47.42857142857143,3173.5000000000005,10.030303030303031,0.030159883720930234,24.242833333333333,0.0,2,,,,0.0
251,whylabs/whylogs,https://github.com/whylabs/whylogs,whylabs,Apache License 2.0,2708,125,3,0,1,0,0,2025-01-10 19:54:37+00:00,173,23,3,2.5,0.014550747151202574,117.73913043478261,0.04615952732644018,,7.5,1.0,0.0638847858197932,18.8765,-0.021941432596260566,2,,,,0.0
252,afshinea/stanford-cs-221-artificial-intelligence,https://github.com/afshinea/stanford-cs-221-artificial-intelligence,afshinea,MIT License,2701,513,1,0,0,0,0,2019-12-17 05:18:37+00:00,0,2,0,0.0,0.007505070993914808,1350.5,0.18992965568308035,,0.0,0.0,0.0,,0.0,1,,,,0.0
253,llSourcell/Learn_Data_Science_in_3_Months,https://github.com/llSourcell/Learn_Data_Science_in_3_Months,llSourcell,,2696,971,9,2,0,0,0,2018-10-30 07:21:05+00:00,0,1,0,0.0,0.007491177859901638,2696.0,0.36016320474777447,,0.0,0.0,0.0,0.26958333333333334,0.0,3,,,158.92152777777778,0.0
254,hosseinmoein/DataFrame,https://github.com/hosseinmoein/DataFrame,hosseinmoein,"BSD 3-Clause ""New"" or ""Revised"" License",2666,332,0,7,0,1,1,2025-04-23 18:29:05+00:00,32,21,2,27.166666666666668,0.022811679229146495,126.95238095238095,0.1245311327831958,50.0,54.333333333333336,0.0,0.012003000750187547,171.48644444444443,0.001664816870144284,0,hosseinmoein,help wanted,174.4153968253968,0.0
255,shashankvemuri/Finance,https://github.com/shashankvemuri/Finance,shashankvemuri,MIT License,2638,149,7,1,0,0,0,2024-08-20 22:13:17+00:00,0,3,0,0.0,0.007330017505348857,879.3333333333334,0.05648218347232752,,0.0,0.0,0.0,0.2091111111111111,-0.0030308204559036968,3,shashankvemuri,,4920.937222222222,0.0
256,tirthajyoti/Papers-Literature-ML-DL-RL-AI,https://github.com/tirthajyoti/Papers-Literature-ML-DL-RL-AI,tirthajyoti,MIT License,2572,756,1,2,0,0,0,2021-08-12 23:57:38+00:00,0,3,0,0.0,0.007146628136375003,857.3333333333334,0.2939346811819596,,0.0,0.0,0.0,167.73506944444443,0.0,0,tirthajyoti,,991.675,0.0
257,ml874/Data-Science-Cheatsheet,https://github.com/ml874/Data-Science-Cheatsheet,ml874,,2565,614,5,2,0,0,0,2022-09-18 14:59:37+00:00,0,7,0,0.0,0.007127177748756565,366.42857142857144,0.23937621832358674,,0.0,0.0,0.0,9878.900486111112,0.0,3,erdemuk,,8.164861111111112,0.0
258,justinzm/gopup,https://github.com/justinzm/gopup,justinzm,,2556,389,66,0,0,0,0,2023-09-15 04:10:32+00:00,8,1,0,0.0,0.007102170107532858,2556.0,0.15219092331768388,,0.0,0.0,0.003129890453834116,3096.9816111111113,0.0,8,,,,0.0
259,letianzj/QuantResearch,https://github.com/letianzj/QuantResearch,letianzj,MIT License,2486,514,1,4,0,0,0,2023-08-26 12:16:04+00:00,0,4,0,0.0,0.006907666231348468,621.5,0.2067578439259855,,0.0,0.0,0.0,14.501574074074073,0.0,1,letianzj,,352.12618055555555,0.0
260,yunabe/lgo,https://github.com/yunabe/lgo,yunabe,"BSD 3-Clause ""New"" or ""Revised"" License",2451,123,24,3,0,0,0,2019-07-09 12:59:17+00:00,0,6,0,0.0,0.006810414293256273,408.5,0.05018359853121175,,0.0,0.0,0.0,30.032083333333333,0.0,6,seedrick,,9013.664444444445,0.0
